Couldn't find '/root/.ollama/id_ed25519'. Generating new private key.
Your new public key is: 

ssh-ed25519 AAAAC3NzaC1lZDI1NTE5AAAAICBVhqtisCscSWiqFJIaCuQz62wJkULo2GE5XpYwfNXa

time=2026-09-04T18:11:11.892Z level=INFO source=routes.go:1955 msg="server config" env="map[CUDA_VISIBLE_DEVICES: GGML_VK_VISIBLE_DEVICES: GPU_DEVICE_ORDINAL: HIP_VISIBLE_DEVICES: HSA_OVERRIDE_GFX_VERSION: HTTPS_PROXY: HTTP_PROXY: LLAMA_ARG_FIT: LLAMA_ARG_FIT_TARGET: NO_PROXY: OLLAMA_CONTEXT_LENGTH:0 OLLAMA_DEBUG:INFO OLLAMA_DEBUG_LOG_REQUESTS:false OLLAMA_EDITOR: OLLAMA_FLASH_ATTENTION:false OLLAMA_GO_TEMPLATE:true OLLAMA_GPU_OVERHEAD:0 OLLAMA_HOST:http://127.0.0.1:11434 OLLAMA_IGPU_ENABLE: OLLAMA_KEEP_ALIVE:5m0s OLLAMA_KV_CACHE_TYPE: OLLAMA_LLM_LIBRARY: OLLAMA_LOAD_TIMEOUT:5m0s OLLAMA_MAX_LOADED_MODELS:0 OLLAMA_MAX_QUEUE:512 OLLAMA_MAX_TRANSFER_STREAMS:4 OLLAMA_MODELS:/workspace/ollama/models OLLAMA_NOHISTORY:false OLLAMA_NOPRUNE:false OLLAMA_NO_CLOUD:false OLLAMA_NUM_PARALLEL:1 OLLAMA_ORIGINS:[http://localhost https://localhost http://localhost:* https://localhost:* http://127.0.0.1 https://127.0.0.1 http://127.0.0.1:* https://127.0.0.1:* http://0.0.0.0 https://0.0.0.0 http://0.0.0.0:* https://0.0.0.0:* app://* file://* tauri://* vscode-webview://* vscode-file://*] OLLAMA_REMOTES:[ollama.com] OLLAMA_SCHED_SPREAD:false OLLAMA_VULKAN:true ROCR_VISIBLE_DEVICES: http_proxy: https_proxy: no_proxy:]"
time=2026-09-04T18:11:11.892Z level=INFO source=routes.go:1957 msg="Ollama cloud disabled: false"
time=2026-09-04T18:11:11.893Z level=INFO source=images.go:957 msg="total blobs: 0"
time=2026-09-04T18:11:11.893Z level=INFO source=images.go:964 msg="total unused blobs removed: 0"
time=2026-09-04T18:11:11.893Z level=INFO source=routes.go:2012 msg="Listening on 127.0.0.1:11434 (version 0.33.3)"
time=2026-09-04T18:11:11.894Z level=INFO source=model_list_cache.go:112 msg="model list cache hydration complete" models=0 failures=0 elapsed=745.278µs
time=2026-09-04T18:11:11.895Z level=INFO source=runner.go:60 msg="discovering available GPUs..."
time=2026-09-04T18:11:12.137Z level=INFO source=model_recommendations.go:177 msg="model recommendations cache sleep scheduled" wait=3h36m57.574477176s consecutive_failures=0
time=2026-09-04T18:11:16.179Z level=INFO source=types.go:32 msg="inference compute" id=0 filter_id=0 library=CUDA compute=12.0 name=CUDA0 description="NVIDIA GeForce RTX 5090" libdirs=ollama,cuda_v13 driver=13.3 pci_id=0000:83:00.0 type=discrete total="31.4 GiB" available="30.9 GiB"
time=2026-09-04T18:11:16.179Z level=INFO source=routes.go:2062 msg="vram-based default context" total_vram="31.4 GiB" default_num_ctx=32768
[GIN] 2026/09/04 - 18:11:25 | 200 |        64.9µs |       127.0.0.1 | HEAD     "/"
[GIN] 2026/09/04 - 18:11:36 | 200 |     397.549µs |       127.0.0.1 | POST     "/api/blobs/sha256:322e194ff79741c7baa497c240f677f54b201b0efab44ca8e50f122b39123482"
time=2026-09-04T18:11:36.657Z level=INFO source=quantization.go:124 msg="quantizing model" type=COPY input=/workspace/ollama/models/blobs/sha256-322e194ff79741c7baa497c240f677f54b201b0efab44ca8e50f122b39123482 output=/workspace/ollama/models/blobs/COPY3079628257
load_backend: loaded CPU backend from /usr/local/lib/ollama/libggml-cpu-zen4.so
version: 0.3.0-dev (build 1, commit 0f3a71be1)
built with GNU 13.3.1 for Linux x86_64
llama_quantize: quantizing '/workspace/ollama/models/blobs/sha256-322e194ff79741c7baa497c240f677f54b201b0efab44ca8e50f122b39123482' to '/workspace/ollama/models/blobs/COPY3079628257' as COPY
llama_model_loader: loaded meta data with 50 key-value pairs and 866 tensors from /workspace/ollama/models/blobs/sha256-322e194ff79741c7baa497c240f677f54b201b0efab44ca8e50f122b39123482 (version GGUF V3 (latest))
llama_model_loader: Dumping metadata keys/values. Note: KV overrides do not apply in this output.
llama_model_loader: - kv   0:                       general.architecture str              = qwen35
llama_model_loader: - kv   1:                               general.type str              = model
llama_model_loader: - kv   2:                     general.sampling.top_k i32              = 20
llama_model_loader: - kv   3:                     general.sampling.top_p f32              = 0.950000
llama_model_loader: - kv   4:                      general.sampling.temp f32              = 1.000000
llama_model_loader: - kv   5:                               general.name str              = Qwen3.8-27B
llama_model_loader: - kv   6:                           general.basename str              = Qwen3.8-27B
llama_model_loader: - kv   7:                        general.description str              = Renewal of the beloved Qwen model, de...
llama_model_loader: - kv   8:                       general.quantized_by str              = Unsloth
llama_model_loader: - kv   9:                         general.size_label str              = 27B
llama_model_loader: - kv  10:                            general.license str              = apache-2.0
llama_model_loader: - kv  11:                           general.repo_url str              = https://huggingface.co/unsloth
llama_model_loader: - kv  12:                   general.base_model.count u32              = 1
llama_model_loader: - kv  13:                  general.base_model.0.name str              = Qwen3.8 27B
llama_model_loader: - kv  14:          general.base_model.0.organization str              = Qwen
llama_model_loader: - kv  15:              general.base_model.0.repo_url str              = https://huggingface.co/Qwen/Qwen3.8-27B
llama_model_loader: - kv  16:                               general.tags arr[str,1]       = ["unsloth"]
llama_model_loader: - kv  17:                         qwen35.block_count u32              = 65
llama_model_loader: - kv  18:                      qwen35.context_length u32              = 262144
llama_model_loader: - kv  19:                    qwen35.embedding_length u32              = 5120
llama_model_loader: - kv  20:                 qwen35.feed_forward_length u32              = 17408
llama_model_loader: - kv  21:                qwen35.attention.head_count u32              = 24
llama_model_loader: - kv  22:             qwen35.attention.head_count_kv u32              = 4
llama_model_loader: - kv  23:             qwen35.rope.dimension_sections arr[i32,4]       = [11, 11, 10, 0]
llama_model_loader: - kv  24:                      qwen35.rope.freq_base f32              = 10000000.000000
llama_model_loader: - kv  25:    qwen35.attention.layer_norm_rms_epsilon f32              = 0.000001
llama_model_loader: - kv  26:                qwen35.attention.key_length u32              = 256
llama_model_loader: - kv  27:              qwen35.attention.value_length u32              = 256
llama_model_loader: - kv  28:                qwen35.nextn_predict_layers u32              = 1
llama_model_loader: - kv  29:                     qwen35.ssm.conv_kernel u32              = 4
llama_model_loader: - kv  30:                      qwen35.ssm.state_size u32              = 128
llama_model_loader: - kv  31:                     qwen35.ssm.group_count u32              = 16
llama_model_loader: - kv  32:                  qwen35.ssm.time_step_rank u32              = 48
llama_model_loader: - kv  33:                      qwen35.ssm.inner_size u32              = 6144
llama_model_loader: - kv  34:             qwen35.full_attention_interval u32              = 4
llama_model_loader: - kv  35:                qwen35.rope.dimension_count u32              = 64
llama_model_loader: - kv  36:                       tokenizer.ggml.model str              = gpt2
llama_model_loader: - kv  37:                         tokenizer.ggml.pre str              = qwen35
llama_model_loader: - kv  38:                      tokenizer.ggml.tokens arr[str,248320]  = ["!", "\"", "#", "$", "%", "&", "'", ...
llama_model_loader: - kv  39:                  tokenizer.ggml.token_type arr[i32,248320]  = [1, 1, 1, 1, 1, 1, 1, 1, 1, 1, 1, 1, ...
llama_model_loader: - kv  40:                      tokenizer.ggml.merges arr[str,247587]  = ["Ġ Ġ", "ĠĠ ĠĠ", "i n", "Ġ t",...
llama_model_loader: - kv  41:                tokenizer.ggml.eos_token_id u32              = 248046
llama_model_loader: - kv  42:            tokenizer.ggml.padding_token_id u32              = 248055
llama_model_loader: - kv  43:                tokenizer.ggml.bos_token_id u32              = 248044
llama_model_loader: - kv  44:               general.quantization_version u32              = 2
llama_model_loader: - kv  45:                          general.file_type u32              = 15
llama_model_loader: - kv  46:                      quantize.imatrix.file str              = Qwen3.8-27B-GGUF/imatrix_unsloth.gguf
llama_model_loader: - kv  47:             quantize.imatrix.entries_count u32              = 496
llama_model_loader: - kv  48:              quantize.imatrix.chunks_count u32              = 1251
llama_model_loader: - kv  49:                    tokenizer.chat_template str              = {%- set image_count = namespace(value...
llama_model_loader: - type  f32:  360 tensors
llama_model_loader: - type q8_0:  106 tensors
llama_model_loader: - type q3_K:    7 tensors
llama_model_loader: - type q4_K:  104 tensors
llama_model_loader: - type q5_K:  131 tensors
llama_model_loader: - type q6_K:   30 tensors
llama_model_loader: - type iq4_nl:    7 tensors
llama_model_loader: - type iq3_s:    4 tensors
llama_model_loader: - type iq4_xs:  117 tensors
[   1/ 866] output.weight                        - [  5120, 248320,      1,      1], type =   q6_K, size =  994.629 MiB
[   2/ 866] output_norm.weight                   - [  5120,      1,      1,      1], type =    f32, size =    0.020 MiB
[   3/ 866] token_embd.weight                    - [  5120, 248320,      1,      1], type =   q4_K, size =  682.031 MiB
[   4/ 866] blk.0.attn_gate.weight               - [  5120,   6144,      1,      1], type =   q5_K, size =   20.625 MiB
[   5/ 866] blk.0.attn_norm.weight               - [  5120,      1,      1,      1], type =    f32, size =    0.020 MiB
[   6/ 866] blk.0.attn_qkv.weight                - [  5120,  10240,      1,      1], type =   q5_K, size =   34.375 MiB
[   7/ 866] blk.0.ffn_down.weight                - [ 17408,   5120,      1,      1], type = iq4_xs, size =   45.156 MiB
[   8/ 866] blk.0.ffn_gate.weight                - [  5120,  17408,      1,      1], type = iq4_xs, size =   45.156 MiB
[   9/ 866] blk.0.ffn_up.weight                  - [  5120,  17408,      1,      1], type =   q3_K, size =   36.523 MiB
[  10/ 866] blk.0.post_attention_norm.weight     - [  5120,      1,      1,      1], type =    f32, size =    0.020 MiB
[  11/ 866] blk.0.ssm_a                          - [    48,      1,      1,      1], type =    f32, size =    0.000 MiB
[  12/ 866] blk.0.ssm_alpha.weight               - [  5120,     48,      1,      1], type =   q8_0, size =    0.249 MiB
[  13/ 866] blk.0.ssm_beta.weight                - [  5120,     48,      1,      1], type =   q8_0, size =    0.249 MiB
[  14/ 866] blk.0.ssm_conv1d.weight              - [     4,  10240,      1,      1], type =    f32, size =    0.156 MiB
[  15/ 866] blk.0.ssm_dt.bias                    - [    48,      1,      1,      1], type =    f32, size =    0.000 MiB
[  16/ 866] blk.0.ssm_norm.weight                - [   128,      1,      1,      1], type =    f32, size =    0.000 MiB
[  17/ 866] blk.0.ssm_out.weight                 - [  6144,   5120,      1,      1], type =   q5_K, size =   20.625 MiB
[  18/ 866] blk.1.attn_gate.weight               - [  5120,   6144,      1,      1], type =   q4_K, size =   16.875 MiB
[  19/ 866] blk.1.attn_norm.weight               - [  5120,      1,      1,      1], type =    f32, size =    0.020 MiB
[  20/ 866] blk.1.attn_qkv.weight                - [  5120,  10240,      1,      1], type =   q4_K, size =   28.125 MiB
[  21/ 866] blk.1.ffn_down.weight                - [ 17408,   5120,      1,      1], type = iq4_nl, size =   47.812 MiB
[  22/ 866] blk.1.ffn_gate.weight                - [  5120,  17408,      1,      1], type = iq4_xs, size =   45.156 MiB
[  23/ 866] blk.1.ffn_up.weight                  - [  5120,  17408,      1,      1], type = iq4_xs, size =   45.156 MiB
[  24/ 866] blk.1.post_attention_norm.weight     - [  5120,      1,      1,      1], type =    f32, size =    0.020 MiB
[  25/ 866] blk.1.ssm_a                          - [    48,      1,      1,      1], type =    f32, size =    0.000 MiB
[  26/ 866] blk.1.ssm_alpha.weight               - [  5120,     48,      1,      1], type =   q8_0, size =    0.249 MiB
[  27/ 866] blk.1.ssm_beta.weight                - [  5120,     48,      1,      1], type =   q8_0, size =    0.249 MiB
[  28/ 866] blk.1.ssm_conv1d.weight              - [     4,  10240,      1,      1], type =    f32, size =    0.156 MiB
[  29/ 866] blk.1.ssm_dt.bias                    - [    48,      1,      1,      1], type =    f32, size =    0.000 MiB
[  30/ 866] blk.1.ssm_norm.weight                - [   128,      1,      1,      1], type =    f32, size =    0.000 MiB
[  31/ 866] blk.1.ssm_out.weight                 - [  6144,   5120,      1,      1], type =   q6_K, size =   24.609 MiB
[  32/ 866] blk.2.attn_gate.weight               - [  5120,   6144,      1,      1], type =   q4_K, size =   16.875 MiB
[  33/ 866] blk.2.attn_norm.weight               - [  5120,      1,      1,      1], type =    f32, size =    0.020 MiB
[  34/ 866] blk.2.attn_qkv.weight                - [  5120,  10240,      1,      1], type =   q4_K, size =   28.125 MiB
[  35/ 866] blk.2.ffn_down.weight                - [ 17408,   5120,      1,      1], type = iq4_nl, size =   47.812 MiB
[  36/ 866] blk.2.ffn_gate.weight                - [  5120,  17408,      1,      1], type = iq4_xs, size =   45.156 MiB
[  37/ 866] blk.2.ffn_up.weight                  - [  5120,  17408,      1,      1], type = iq4_xs, size =   45.156 MiB
[  38/ 866] blk.2.post_attention_norm.weight     - [  5120,      1,      1,      1], type =    f32, size =    0.020 MiB
[  39/ 866] blk.2.ssm_a                          - [    48,      1,      1,      1], type =    f32, size =    0.000 MiB
[  40/ 866] blk.2.ssm_alpha.weight               - [  5120,     48,      1,      1], type =   q8_0, size =    0.249 MiB
[  41/ 866] blk.2.ssm_beta.weight                - [  5120,     48,      1,      1], type =   q8_0, size =    0.249 MiB
[  42/ 866] blk.2.ssm_conv1d.weight              - [     4,  10240,      1,      1], type =    f32, size =    0.156 MiB
[  43/ 866] blk.2.ssm_dt.bias                    - [    48,      1,      1,      1], type =    f32, size =    0.000 MiB
[  44/ 866] blk.2.ssm_norm.weight                - [   128,      1,      1,      1], type =    f32, size =    0.000 MiB
[  45/ 866] blk.2.ssm_out.weight                 - [  6144,   5120,      1,      1], type =   q5_K, size =   20.625 MiB
[  46/ 866] blk.3.attn_k.weight                  - [  5120,   1024,      1,      1], type =   q4_K, size =    2.812 MiB
[  47/ 866] blk.3.attn_k_norm.weight             - [   256,      1,      1,      1], type =    f32, size =    0.001 MiB
[  48/ 866] blk.3.attn_norm.weight               - [  5120,      1,      1,      1], type =    f32, size =    0.020 MiB
[  49/ 866] blk.3.attn_output.weight             - [  6144,   5120,      1,      1], type =   q6_K, size =   24.609 MiB
[  50/ 866] blk.3.attn_q.weight                  - [  5120,  12288,      1,      1], type =   q5_K, size =   41.250 MiB
[  51/ 866] blk.3.attn_q_norm.weight             - [   256,      1,      1,      1], type =    f32, size =    0.001 MiB
[  52/ 866] blk.3.attn_v.weight                  - [  5120,   1024,      1,      1], type =   q5_K, size =    3.438 MiB
[  53/ 866] blk.3.ffn_down.weight                - [ 17408,   5120,      1,      1], type = iq4_nl, size =   47.812 MiB
[  54/ 866] blk.3.ffn_gate.weight                - [  5120,  17408,      1,      1], type =   q4_K, size =   47.812 MiB
[  55/ 866] blk.3.ffn_up.weight                  - [  5120,  17408,      1,      1], type =   q4_K, size =   47.812 MiB
[  56/ 866] blk.3.post_attention_norm.weight     - [  5120,      1,      1,      1], type =    f32, size =    0.020 MiB
[  57/ 866] blk.4.attn_gate.weight               - [  5120,   6144,      1,      1], type =   q4_K, size =   16.875 MiB
[  58/ 866] blk.4.attn_norm.weight               - [  5120,      1,      1,      1], type =    f32, size =    0.020 MiB
[  59/ 866] blk.4.attn_qkv.weight                - [  5120,  10240,      1,      1], type =   q4_K, size =   28.125 MiB
[  60/ 866] blk.4.ffn_down.weight                - [ 17408,   5120,      1,      1], type =   q4_K, size =   47.812 MiB
[  61/ 866] blk.4.ffn_gate.weight                - [  5120,  17408,      1,      1], type = iq4_xs, size =   45.156 MiB
[  62/ 866] blk.4.ffn_up.weight                  - [  5120,  17408,      1,      1], type =   q4_K, size =   47.812 MiB
[  63/ 866] blk.4.post_attention_norm.weight     - [  5120,      1,      1,      1], type =    f32, size =    0.020 MiB
[  64/ 866] blk.4.ssm_a                          - [    48,      1,      1,      1], type =    f32, size =    0.000 MiB
[  65/ 866] blk.4.ssm_alpha.weight               - [  5120,     48,      1,      1], type =   q8_0, size =    0.249 MiB
[  66/ 866] blk.4.ssm_beta.weight                - [  5120,     48,      1,      1], type =   q8_0, size =    0.249 MiB
[  67/ 866] blk.4.ssm_conv1d.weight              - [     4,  10240,      1,      1], type =    f32, size =    0.156 MiB
[  68/ 866] blk.4.ssm_dt.bias                    - [    48,      1,      1,      1], type =    f32, size =    0.000 MiB
[  69/ 866] blk.4.ssm_norm.weight                - [   128,      1,      1,      1], type =    f32, size =    0.000 MiB
[  70/ 866] blk.4.ssm_out.weight                 - [  6144,   5120,      1,      1], type =   q5_K, size =   20.625 MiB
[  71/ 866] blk.5.attn_gate.weight               - [  5120,   6144,      1,      1], type =   q5_K, size =   20.625 MiB
[  72/ 866] blk.5.attn_norm.weight               - [  5120,      1,      1,      1], type =    f32, size =    0.020 MiB
[  73/ 866] blk.5.attn_qkv.weight                - [  5120,  10240,      1,      1], type =   q4_K, size =   28.125 MiB
[  74/ 866] blk.5.ffn_down.weight                - [ 17408,   5120,      1,      1], type =   q4_K, size =   47.812 MiB
[  75/ 866] blk.5.ffn_gate.weight                - [  5120,  17408,      1,      1], type = iq4_xs, size =   45.156 MiB
[  76/ 866] blk.5.ffn_up.weight                  - [  5120,  17408,      1,      1], type = iq4_xs, size =   45.156 MiB
[  77/ 866] blk.5.post_attention_norm.weight     - [  5120,      1,      1,      1], type =    f32, size =    0.020 MiB
[  78/ 866] blk.5.ssm_a                          - [    48,      1,      1,      1], type =    f32, size =    0.000 MiB
[  79/ 866] blk.5.ssm_alpha.weight               - [  5120,     48,      1,      1], type =   q8_0, size =    0.249 MiB
[  80/ 866] blk.5.ssm_beta.weight                - [  5120,     48,      1,      1], type =   q8_0, size =    0.249 MiB
[  81/ 866] blk.5.ssm_conv1d.weight              - [     4,  10240,      1,      1], type =    f32, size =    0.156 MiB
[  82/ 866] blk.5.ssm_dt.bias                    - [    48,      1,      1,      1], type =    f32, size =    0.000 MiB
[  83/ 866] blk.5.ssm_norm.weight                - [   128,      1,      1,      1], type =    f32, size =    0.000 MiB
[  84/ 866] blk.5.ssm_out.weight                 - [  6144,   5120,      1,      1], type =   q5_K, size =   20.625 MiB
[  85/ 866] blk.6.attn_gate.weight               - [  5120,   6144,      1,      1], type =   q4_K, size =   16.875 MiB
[  86/ 866] blk.6.attn_norm.weight               - [  5120,      1,      1,      1], type =    f32, size =    0.020 MiB
[  87/ 866] blk.6.attn_qkv.weight                - [  5120,  10240,      1,      1], type =   q4_K, size =   28.125 MiB
[  88/ 866] blk.6.ffn_down.weight                - [ 17408,   5120,      1,      1], type =   q4_K, size =   47.812 MiB
[  89/ 866] blk.6.ffn_gate.weight                - [  5120,  17408,      1,      1], type =   q4_K, size =   47.812 MiB
[  90/ 866] blk.6.ffn_up.weight                  - [  5120,  17408,      1,      1], type = iq4_xs, size =   45.156 MiB
[  91/ 866] blk.6.post_attention_norm.weight     - [  5120,      1,      1,      1], type =    f32, size =    0.020 MiB
[  92/ 866] blk.6.ssm_a                          - [    48,      1,      1,      1], type =    f32, size =    0.000 MiB
[  93/ 866] blk.6.ssm_alpha.weight               - [  5120,     48,      1,      1], type =   q8_0, size =    0.249 MiB
[  94/ 866] blk.6.ssm_beta.weight                - [  5120,     48,      1,      1], type =   q8_0, size =    0.249 MiB
[  95/ 866] blk.6.ssm_conv1d.weight              - [     4,  10240,      1,      1], type =    f32, size =    0.156 MiB
[  96/ 866] blk.6.ssm_dt.bias                    - [    48,      1,      1,      1], type =    f32, size =    0.000 MiB
[  97/ 866] blk.6.ssm_norm.weight                - [   128,      1,      1,      1], type =    f32, size =    0.000 MiB
[  98/ 866] blk.6.ssm_out.weight                 - [  6144,   5120,      1,      1], type =   q6_K, size =   24.609 MiB
[  99/ 866] blk.7.attn_k.weight                  - [  5120,   1024,      1,      1], type =   q5_K, size =    3.438 MiB
[ 100/ 866] blk.7.attn_k_norm.weight             - [   256,      1,      1,      1], type =    f32, size =    0.001 MiB
[ 101/ 866] blk.7.attn_norm.weight               - [  5120,      1,      1,      1], type =    f32, size =    0.020 MiB
[ 102/ 866] blk.7.attn_output.weight             - [  6144,   5120,      1,      1], type =   q5_K, size =   20.625 MiB
[ 103/ 866] blk.7.attn_q.weight                  - [  5120,  12288,      1,      1], type =   q4_K, size =   33.750 MiB
[ 104/ 866] blk.7.attn_q_norm.weight             - [   256,      1,      1,      1], type =    f32, size =    0.001 MiB
[ 105/ 866] blk.7.attn_v.weight                  - [  5120,   1024,      1,      1], type =   q5_K, size =    3.438 MiB
[ 106/ 866] blk.7.ffn_down.weight                - [ 17408,   5120,      1,      1], type = iq4_xs, size =   45.156 MiB
[ 107/ 866] blk.7.ffn_gate.weight                - [  5120,  17408,      1,      1], type = iq4_xs, size =   45.156 MiB
[ 108/ 866] blk.7.ffn_up.weight                  - [  5120,  17408,      1,      1], type =   q4_K, size =   47.812 MiB
[ 109/ 866] blk.7.post_attention_norm.weight     - [  5120,      1,      1,      1], type =    f32, size =    0.020 MiB
[ 110/ 866] blk.8.attn_gate.weight               - [  5120,   6144,      1,      1], type = iq4_xs, size =   15.938 MiB
[ 111/ 866] blk.8.attn_norm.weight               - [  5120,      1,      1,      1], type =    f32, size =    0.020 MiB
[ 112/ 866] blk.8.attn_qkv.weight                - [  5120,  10240,      1,      1], type =   q4_K, size =   28.125 MiB
[ 113/ 866] blk.8.ffn_down.weight                - [ 17408,   5120,      1,      1], type =   q4_K, size =   47.812 MiB
[ 114/ 866] blk.8.ffn_gate.weight                - [  5120,  17408,      1,      1], type = iq4_xs, size =   45.156 MiB
[ 115/ 866] blk.8.ffn_up.weight                  - [  5120,  17408,      1,      1], type = iq4_xs, size =   45.156 MiB
[ 116/ 866] blk.8.post_attention_norm.weight     - [  5120,      1,      1,      1], type =    f32, size =    0.020 MiB
[ 117/ 866] blk.8.ssm_a                          - [    48,      1,      1,      1], type =    f32, size =    0.000 MiB
[ 118/ 866] blk.8.ssm_alpha.weight               - [  5120,     48,      1,      1], type =   q8_0, size =    0.249 MiB
[ 119/ 866] blk.8.ssm_beta.weight                - [  5120,     48,      1,      1], type =   q8_0, size =    0.249 MiB
[ 120/ 866] blk.8.ssm_conv1d.weight              - [     4,  10240,      1,      1], type =    f32, size =    0.156 MiB
[ 121/ 866] blk.8.ssm_dt.bias                    - [    48,      1,      1,      1], type =    f32, size =    0.000 MiB
[ 122/ 866] blk.8.ssm_norm.weight                - [   128,      1,      1,      1], type =    f32, size =    0.000 MiB
[ 123/ 866] blk.8.ssm_out.weight                 - [  6144,   5120,      1,      1], type =   q5_K, size =   20.625 MiB
[ 124/ 866] blk.9.attn_gate.weight               - [  5120,   6144,      1,      1], type =   q4_K, size =   16.875 MiB
[ 125/ 866] blk.9.attn_norm.weight               - [  5120,      1,      1,      1], type =    f32, size =    0.020 MiB
[ 126/ 866] blk.9.attn_qkv.weight                - [  5120,  10240,      1,      1], type =   q4_K, size =   28.125 MiB
[ 127/ 866] blk.9.ffn_down.weight                - [ 17408,   5120,      1,      1], type = iq4_xs, size =   45.156 MiB
[ 128/ 866] blk.9.ffn_gate.weight                - [  5120,  17408,      1,      1], type = iq4_xs, size =   45.156 MiB
[ 129/ 866] blk.9.ffn_up.weight                  - [  5120,  17408,      1,      1], type = iq4_xs, size =   45.156 MiB
[ 130/ 866] blk.9.post_attention_norm.weight     - [  5120,      1,      1,      1], type =    f32, size =    0.020 MiB
[ 131/ 866] blk.9.ssm_a                          - [    48,      1,      1,      1], type =    f32, size =    0.000 MiB
[ 132/ 866] blk.9.ssm_alpha.weight               - [  5120,     48,      1,      1], type =   q8_0, size =    0.249 MiB
[ 133/ 866] blk.9.ssm_beta.weight                - [  5120,     48,      1,      1], type =   q8_0, size =    0.249 MiB
[ 134/ 866] blk.9.ssm_conv1d.weight              - [     4,  10240,      1,      1], type =    f32, size =    0.156 MiB
[ 135/ 866] blk.9.ssm_dt.bias                    - [    48,      1,      1,      1], type =    f32, size =    0.000 MiB
[ 136/ 866] blk.9.ssm_norm.weight                - [   128,      1,      1,      1], type =    f32, size =    0.000 MiB
[ 137/ 866] blk.9.ssm_out.weight                 - [  6144,   5120,      1,      1], type =   q5_K, size =   20.625 MiB
[ 138/ 866] blk.10.attn_gate.weight              - [  5120,   6144,      1,      1], type =   q5_K, size =   20.625 MiB
[ 139/ 866] blk.10.attn_norm.weight              - [  5120,      1,      1,      1], type =    f32, size =    0.020 MiB
[ 140/ 866] blk.10.attn_qkv.weight               - [  5120,  10240,      1,      1], type =   q4_K, size =   28.125 MiB
[ 141/ 866] blk.10.ffn_down.weight               - [ 17408,   5120,      1,      1], type = iq4_xs, size =   45.156 MiB
[ 142/ 866] blk.10.ffn_gate.weight               - [  5120,  17408,      1,      1], type =   q4_K, size =   47.812 MiB
[ 143/ 866] blk.10.ffn_up.weight                 - [  5120,  17408,      1,      1], type = iq4_xs, size =   45.156 MiB
[ 144/ 866] blk.10.post_attention_norm.weight    - [  5120,      1,      1,      1], type =    f32, size =    0.020 MiB
[ 145/ 866] blk.10.ssm_a                         - [    48,      1,      1,      1], type =    f32, size =    0.000 MiB
[ 146/ 866] blk.10.ssm_alpha.weight              - [  5120,     48,      1,      1], type =   q8_0, size =    0.249 MiB
[ 147/ 866] blk.10.ssm_beta.weight               - [  5120,     48,      1,      1], type =   q8_0, size =    0.249 MiB
[ 148/ 866] blk.10.ssm_conv1d.weight             - [     4,  10240,      1,      1], type =    f32, size =    0.156 MiB
[ 149/ 866] blk.10.ssm_dt.bias                   - [    48,      1,      1,      1], type =    f32, size =    0.000 MiB
[ 150/ 866] blk.10.ssm_norm.weight               - [   128,      1,      1,      1], type =    f32, size =    0.000 MiB
[ 151/ 866] blk.10.ssm_out.weight                - [  6144,   5120,      1,      1], type =   q5_K, size =   20.625 MiB
[ 152/ 866] blk.11.attn_k.weight                 - [  5120,   1024,      1,      1], type =   q6_K, size =    4.102 MiB
[ 153/ 866] blk.11.attn_k_norm.weight            - [   256,      1,      1,      1], type =    f32, size =    0.001 MiB
[ 154/ 866] blk.11.attn_norm.weight              - [  5120,      1,      1,      1], type =    f32, size =    0.020 MiB
[ 155/ 866] blk.11.attn_output.weight            - [  6144,   5120,      1,      1], type =   q5_K, size =   20.625 MiB
[ 156/ 866] blk.11.attn_q.weight                 - [  5120,  12288,      1,      1], type = iq4_xs, size =   31.875 MiB
[ 157/ 866] blk.11.attn_q_norm.weight            - [   256,      1,      1,      1], type =    f32, size =    0.001 MiB
[ 158/ 866] blk.11.attn_v.weight                 - [  5120,   1024,      1,      1], type =   q8_0, size =    5.312 MiB
[ 159/ 866] blk.11.ffn_down.weight               - [ 17408,   5120,      1,      1], type = iq4_xs, size =   45.156 MiB
[ 160/ 866] blk.11.ffn_gate.weight               - [  5120,  17408,      1,      1], type =  iq3_s, size =   36.523 MiB
[ 161/ 866] blk.11.ffn_up.weight                 - [  5120,  17408,      1,      1], type = iq4_xs, size =   45.156 MiB
[ 162/ 866] blk.11.post_attention_norm.weight    - [  5120,      1,      1,      1], type =    f32, size =    0.020 MiB
[ 163/ 866] blk.12.attn_gate.weight              - [  5120,   6144,      1,      1], type = iq4_xs, size =   15.938 MiB
[ 164/ 866] blk.12.attn_norm.weight              - [  5120,      1,      1,      1], type =    f32, size =    0.020 MiB
[ 165/ 866] blk.12.attn_qkv.weight               - [  5120,  10240,      1,      1], type =   q4_K, size =   28.125 MiB
[ 166/ 866] blk.12.ffn_down.weight               - [ 17408,   5120,      1,      1], type = iq4_xs, size =   45.156 MiB
[ 167/ 866] blk.12.ffn_gate.weight               - [  5120,  17408,      1,      1], type = iq4_xs, size =   45.156 MiB
[ 168/ 866] blk.12.ffn_up.weight                 - [  5120,  17408,      1,      1], type = iq4_xs, size =   45.156 MiB
[ 169/ 866] blk.12.post_attention_norm.weight    - [  5120,      1,      1,      1], type =    f32, size =    0.020 MiB
[ 170/ 866] blk.12.ssm_a                         - [    48,      1,      1,      1], type =    f32, size =    0.000 MiB
[ 171/ 866] blk.12.ssm_alpha.weight              - [  5120,     48,      1,      1], type =   q8_0, size =    0.249 MiB
[ 172/ 866] blk.12.ssm_beta.weight               - [  5120,     48,      1,      1], type =   q8_0, size =    0.249 MiB
[ 173/ 866] blk.12.ssm_conv1d.weight             - [     4,  10240,      1,      1], type =    f32, size =    0.156 MiB
[ 174/ 866] blk.12.ssm_dt.bias                   - [    48,      1,      1,      1], type =    f32, size =    0.000 MiB
[ 175/ 866] blk.12.ssm_norm.weight               - [   128,      1,      1,      1], type =    f32, size =    0.000 MiB
[ 176/ 866] blk.12.ssm_out.weight                - [  6144,   5120,      1,      1], type =   q5_K, size =   20.625 MiB
[ 177/ 866] blk.13.attn_gate.weight              - [  5120,   6144,      1,      1], type =   q4_K, size =   16.875 MiB
[ 178/ 866] blk.13.attn_norm.weight              - [  5120,      1,      1,      1], type =    f32, size =    0.020 MiB
[ 179/ 866] blk.13.attn_qkv.weight               - [  5120,  10240,      1,      1], type =   q4_K, size =   28.125 MiB
[ 180/ 866] blk.13.ffn_down.weight               - [ 17408,   5120,      1,      1], type =   q3_K, size =   36.523 MiB
[ 181/ 866] blk.13.ffn_gate.weight               - [  5120,  17408,      1,      1], type =   q3_K, size =   36.523 MiB
[ 182/ 866] blk.13.ffn_up.weight                 - [  5120,  17408,      1,      1], type = iq4_xs, size =   45.156 MiB
[ 183/ 866] blk.13.post_attention_norm.weight    - [  5120,      1,      1,      1], type =    f32, size =    0.020 MiB
[ 184/ 866] blk.13.ssm_a                         - [    48,      1,      1,      1], type =    f32, size =    0.000 MiB
[ 185/ 866] blk.13.ssm_alpha.weight              - [  5120,     48,      1,      1], type =   q8_0, size =    0.249 MiB
[ 186/ 866] blk.13.ssm_beta.weight               - [  5120,     48,      1,      1], type =   q8_0, size =    0.249 MiB
[ 187/ 866] blk.13.ssm_conv1d.weight             - [     4,  10240,      1,      1], type =    f32, size =    0.156 MiB
[ 188/ 866] blk.13.ssm_dt.bias                   - [    48,      1,      1,      1], type =    f32, size =    0.000 MiB
[ 189/ 866] blk.13.ssm_norm.weight               - [   128,      1,      1,      1], type =    f32, size =    0.000 MiB
[ 190/ 866] blk.13.ssm_out.weight                - [  6144,   5120,      1,      1], type = iq4_xs, size =   15.938 MiB
[ 191/ 866] blk.14.attn_gate.weight              - [  5120,   6144,      1,      1], type =   q4_K, size =   16.875 MiB
[ 192/ 866] blk.14.attn_norm.weight              - [  5120,      1,      1,      1], type =    f32, size =    0.020 MiB
[ 193/ 866] blk.14.attn_qkv.weight               - [  5120,  10240,      1,      1], type =   q4_K, size =   28.125 MiB
[ 194/ 866] blk.14.ffn_down.weight               - [ 17408,   5120,      1,      1], type =  iq3_s, size =   36.523 MiB
[ 195/ 866] blk.14.ffn_gate.weight               - [  5120,  17408,      1,      1], type =   q3_K, size =   36.523 MiB
[ 196/ 866] blk.14.ffn_up.weight                 - [  5120,  17408,      1,      1], type =   q3_K, size =   36.523 MiB
[ 197/ 866] blk.14.post_attention_norm.weight    - [  5120,      1,      1,      1], type =    f32, size =    0.020 MiB
[ 198/ 866] blk.14.ssm_a                         - [    48,      1,      1,      1], type =    f32, size =    0.000 MiB
[ 199/ 866] blk.14.ssm_alpha.weight              - [  5120,     48,      1,      1], type =   q8_0, size =    0.249 MiB
[ 200/ 866] blk.14.ssm_beta.weight               - [  5120,     48,      1,      1], type =   q8_0, size =    0.249 MiB
[ 201/ 866] blk.14.ssm_conv1d.weight             - [     4,  10240,      1,      1], type =    f32, size =    0.156 MiB
[ 202/ 866] blk.14.ssm_dt.bias                   - [    48,      1,      1,      1], type =    f32, size =    0.000 MiB
[ 203/ 866] blk.14.ssm_norm.weight               - [   128,      1,      1,      1], type =    f32, size =    0.000 MiB
[ 204/ 866] blk.14.ssm_out.weight                - [  6144,   5120,      1,      1], type =   q4_K, size =   16.875 MiB
[ 205/ 866] blk.15.attn_k.weight                 - [  5120,   1024,      1,      1], type =   q6_K, size =    4.102 MiB
[ 206/ 866] blk.15.attn_k_norm.weight            - [   256,      1,      1,      1], type =    f32, size =    0.001 MiB
[ 207/ 866] blk.15.attn_norm.weight              - [  5120,      1,      1,      1], type =    f32, size =    0.020 MiB
[ 208/ 866] blk.15.attn_output.weight            - [  6144,   5120,      1,      1], type = iq4_xs, size =   15.938 MiB
[ 209/ 866] blk.15.attn_q.weight                 - [  5120,  12288,      1,      1], type =   q4_K, size =   33.750 MiB
[ 210/ 866] blk.15.attn_q_norm.weight            - [   256,      1,      1,      1], type =    f32, size =    0.001 MiB
[ 211/ 866] blk.15.attn_v.weight                 - [  5120,   1024,      1,      1], type =   q5_K, size =    3.438 MiB
[ 212/ 866] blk.15.ffn_down.weight               - [ 17408,   5120,      1,      1], type =  iq3_s, size =   36.523 MiB
[ 213/ 866] blk.15.ffn_gate.weight               - [  5120,  17408,      1,      1], type =   q3_K, size =   36.523 MiB
[ 214/ 866] blk.15.ffn_up.weight                 - [  5120,  17408,      1,      1], type = iq4_xs, size =   45.156 MiB
[ 215/ 866] blk.15.post_attention_norm.weight    - [  5120,      1,      1,      1], type =    f32, size =    0.020 MiB
[ 216/ 866] blk.16.attn_gate.weight              - [  5120,   6144,      1,      1], type =   q4_K, size =   16.875 MiB
[ 217/ 866] blk.16.attn_norm.weight              - [  5120,      1,      1,      1], type =    f32, size =    0.020 MiB
[ 218/ 866] blk.16.attn_qkv.weight               - [  5120,  10240,      1,      1], type =   q4_K, size =   28.125 MiB
[ 219/ 866] blk.16.ffn_down.weight               - [ 17408,   5120,      1,      1], type = iq4_xs, size =   45.156 MiB
[ 220/ 866] blk.16.ffn_gate.weight               - [  5120,  17408,      1,      1], type =   q3_K, size =   36.523 MiB
[ 221/ 866] blk.16.ffn_up.weight                 - [  5120,  17408,      1,      1], type = iq4_xs, size =   45.156 MiB
[ 222/ 866] blk.16.post_attention_norm.weight    - [  5120,      1,      1,      1], type =    f32, size =    0.020 MiB
[ 223/ 866] blk.16.ssm_a                         - [    48,      1,      1,      1], type =    f32, size =    0.000 MiB
[ 224/ 866] blk.16.ssm_alpha.weight              - [  5120,     48,      1,      1], type =   q8_0, size =    0.249 MiB
[ 225/ 866] blk.16.ssm_beta.weight               - [  5120,     48,      1,      1], type =   q8_0, size =    0.249 MiB
[ 226/ 866] blk.16.ssm_conv1d.weight             - [     4,  10240,      1,      1], type =    f32, size =    0.156 MiB
[ 227/ 866] blk.16.ssm_dt.bias                   - [    48,      1,      1,      1], type =    f32, size =    0.000 MiB
[ 228/ 866] blk.16.ssm_norm.weight               - [   128,      1,      1,      1], type =    f32, size =    0.000 MiB
[ 229/ 866] blk.16.ssm_out.weight                - [  6144,   5120,      1,      1], type = iq4_xs, size =   15.938 MiB
[ 230/ 866] blk.17.attn_gate.weight              - [  5120,   6144,      1,      1], type = iq4_xs, size =   15.938 MiB
[ 231/ 866] blk.17.attn_norm.weight              - [  5120,      1,      1,      1], type =    f32, size =    0.020 MiB
[ 232/ 866] blk.17.attn_qkv.weight               - [  5120,  10240,      1,      1], type =   q5_K, size =   34.375 MiB
[ 233/ 866] blk.17.ffn_down.weight               - [ 17408,   5120,      1,      1], type =  iq3_s, size =   36.523 MiB
[ 234/ 866] blk.17.ffn_gate.weight               - [  5120,  17408,      1,      1], type = iq4_xs, size =   45.156 MiB
[ 235/ 866] blk.17.ffn_up.weight                 - [  5120,  17408,      1,      1], type = iq4_xs, size =   45.156 MiB
[ 236/ 866] blk.17.post_attention_norm.weight    - [  5120,      1,      1,      1], type =    f32, size =    0.020 MiB
[ 237/ 866] blk.17.ssm_a                         - [    48,      1,      1,      1], type =    f32, size =    0.000 MiB
[ 238/ 866] blk.17.ssm_alpha.weight              - [  5120,     48,      1,      1], type =   q8_0, size =    0.249 MiB
[ 239/ 866] blk.17.ssm_beta.weight               - [  5120,     48,      1,      1], type =   q8_0, size =    0.249 MiB
[ 240/ 866] blk.17.ssm_conv1d.weight             - [     4,  10240,      1,      1], type =    f32, size =    0.156 MiB
[ 241/ 866] blk.17.ssm_dt.bias                   - [    48,      1,      1,      1], type =    f32, size =    0.000 MiB
[ 242/ 866] blk.17.ssm_norm.weight               - [   128,      1,      1,      1], type =    f32, size =    0.000 MiB
[ 243/ 866] blk.17.ssm_out.weight                - [  6144,   5120,      1,      1], type = iq4_xs, size =   15.938 MiB
[ 244/ 866] blk.18.attn_gate.weight              - [  5120,   6144,      1,      1], type = iq4_xs, size =   15.938 MiB
[ 245/ 866] blk.18.attn_norm.weight              - [  5120,      1,      1,      1], type =    f32, size =    0.020 MiB
[ 246/ 866] blk.18.attn_qkv.weight               - [  5120,  10240,      1,      1], type =   q4_K, size =   28.125 MiB
[ 247/ 866] blk.18.ffn_down.weight               - [ 17408,   5120,      1,      1], type = iq4_xs, size =   45.156 MiB
[ 248/ 866] blk.18.ffn_gate.weight               - [  5120,  17408,      1,      1], type = iq4_xs, size =   45.156 MiB
[ 249/ 866] blk.18.ffn_up.weight                 - [  5120,  17408,      1,      1], type = iq4_xs, size =   45.156 MiB
[ 250/ 866] blk.18.post_attention_norm.weight    - [  5120,      1,      1,      1], type =    f32, size =    0.020 MiB
[ 251/ 866] blk.18.ssm_a                         - [    48,      1,      1,      1], type =    f32, size =    0.000 MiB
[ 252/ 866] blk.18.ssm_alpha.weight              - [  5120,     48,      1,      1], type =   q8_0, size =    0.249 MiB
[ 253/ 866] blk.18.ssm_beta.weight               - [  5120,     48,      1,      1], type =   q8_0, size =    0.249 MiB
[ 254/ 866] blk.18.ssm_conv1d.weight             - [     4,  10240,      1,      1], type =    f32, size =    0.156 MiB
[ 255/ 866] blk.18.ssm_dt.bias                   - [    48,      1,      1,      1], type =    f32, size =    0.000 MiB
[ 256/ 866] blk.18.ssm_norm.weight               - [   128,      1,      1,      1], type =    f32, size =    0.000 MiB
[ 257/ 866] blk.18.ssm_out.weight                - [  6144,   5120,      1,      1], type = iq4_xs, size =   15.938 MiB
[ 258/ 866] blk.19.attn_k.weight                 - [  5120,   1024,      1,      1], type =   q6_K, size =    4.102 MiB
[ 259/ 866] blk.19.attn_k_norm.weight            - [   256,      1,      1,      1], type =    f32, size =    0.001 MiB
[ 260/ 866] blk.19.attn_norm.weight              - [  5120,      1,      1,      1], type =    f32, size =    0.020 MiB
[ 261/ 866] blk.19.attn_output.weight            - [  6144,   5120,      1,      1], type =   q5_K, size =   20.625 MiB
[ 262/ 866] blk.19.attn_q.weight                 - [  5120,  12288,      1,      1], type =   q4_K, size =   33.750 MiB
[ 263/ 866] blk.19.attn_q_norm.weight            - [   256,      1,      1,      1], type =    f32, size =    0.001 MiB
[ 264/ 866] blk.19.attn_v.weight                 - [  5120,   1024,      1,      1], type =   q6_K, size =    4.102 MiB
[ 265/ 866] blk.19.ffn_down.weight               - [ 17408,   5120,      1,      1], type = iq4_xs, size =   45.156 MiB
[ 266/ 866] blk.19.ffn_gate.weight               - [  5120,  17408,      1,      1], type = iq4_xs, size =   45.156 MiB
[ 267/ 866] blk.19.ffn_up.weight                 - [  5120,  17408,      1,      1], type = iq4_xs, size =   45.156 MiB
[ 268/ 866] blk.19.post_attention_norm.weight    - [  5120,      1,      1,      1], type =    f32, size =    0.020 MiB
[ 269/ 866] blk.20.attn_gate.weight              - [  5120,   6144,      1,      1], type = iq4_xs, size =   15.938 MiB
[ 270/ 866] blk.20.attn_norm.weight              - [  5120,      1,      1,      1], type =    f32, size =    0.020 MiB
[ 271/ 866] blk.20.attn_qkv.weight               - [  5120,  10240,      1,      1], type =   q4_K, size =   28.125 MiB
[ 272/ 866] blk.20.ffn_down.weight               - [ 17408,   5120,      1,      1], type =   q4_K, size =   47.812 MiB
[ 273/ 866] blk.20.ffn_gate.weight               - [  5120,  17408,      1,      1], type =   q4_K, size =   47.812 MiB
[ 274/ 866] blk.20.ffn_up.weight                 - [  5120,  17408,      1,      1], type = iq4_xs, size =   45.156 MiB
[ 275/ 866] blk.20.post_attention_norm.weight    - [  5120,      1,      1,      1], type =    f32, size =    0.020 MiB
[ 276/ 866] blk.20.ssm_a                         - [    48,      1,      1,      1], type =    f32, size =    0.000 MiB
[ 277/ 866] blk.20.ssm_alpha.weight              - [  5120,     48,      1,      1], type =   q8_0, size =    0.249 MiB
[ 278/ 866] blk.20.ssm_beta.weight               - [  5120,     48,      1,      1], type =   q8_0, size =    0.249 MiB
[ 279/ 866] blk.20.ssm_conv1d.weight             - [     4,  10240,      1,      1], type =    f32, size =    0.156 MiB
[ 280/ 866] blk.20.ssm_dt.bias                   - [    48,      1,      1,      1], type =    f32, size =    0.000 MiB
[ 281/ 866] blk.20.ssm_norm.weight               - [   128,      1,      1,      1], type =    f32, size =    0.000 MiB
[ 282/ 866] blk.20.ssm_out.weight                - [  6144,   5120,      1,      1], type =   q5_K, size =   20.625 MiB
[ 283/ 866] blk.21.attn_gate.weight              - [  5120,   6144,      1,      1], type =   q4_K, size =   16.875 MiB
[ 284/ 866] blk.21.attn_norm.weight              - [  5120,      1,      1,      1], type =    f32, size =    0.020 MiB
[ 285/ 866] blk.21.attn_qkv.weight               - [  5120,  10240,      1,      1], type = iq4_nl, size =   28.125 MiB
[ 286/ 866] blk.21.ffn_down.weight               - [ 17408,   5120,      1,      1], type =   q4_K, size =   47.812 MiB
[ 287/ 866] blk.21.ffn_gate.weight               - [  5120,  17408,      1,      1], type =   q4_K, size =   47.812 MiB
[ 288/ 866] blk.21.ffn_up.weight                 - [  5120,  17408,      1,      1], type =   q4_K, size =   47.812 MiB
[ 289/ 866] blk.21.post_attention_norm.weight    - [  5120,      1,      1,      1], type =    f32, size =    0.020 MiB
[ 290/ 866] blk.21.ssm_a                         - [    48,      1,      1,      1], type =    f32, size =    0.000 MiB
[ 291/ 866] blk.21.ssm_alpha.weight              - [  5120,     48,      1,      1], type =   q8_0, size =    0.249 MiB
[ 292/ 866] blk.21.ssm_beta.weight               - [  5120,     48,      1,      1], type =   q8_0, size =    0.249 MiB
[ 293/ 866] blk.21.ssm_conv1d.weight             - [     4,  10240,      1,      1], type =    f32, size =    0.156 MiB
[ 294/ 866] blk.21.ssm_dt.bias                   - [    48,      1,      1,      1], type =    f32, size =    0.000 MiB
[ 295/ 866] blk.21.ssm_norm.weight               - [   128,      1,      1,      1], type =    f32, size =    0.000 MiB
[ 296/ 866] blk.21.ssm_out.weight                - [  6144,   5120,      1,      1], type =   q6_K, size =   24.609 MiB
[ 297/ 866] blk.22.attn_gate.weight              - [  5120,   6144,      1,      1], type =   q5_K, size =   20.625 MiB
[ 298/ 866] blk.22.attn_norm.weight              - [  5120,      1,      1,      1], type =    f32, size =    0.020 MiB
[ 299/ 866] blk.22.attn_qkv.weight               - [  5120,  10240,      1,      1], type =   q4_K, size =   28.125 MiB
[ 300/ 866] blk.22.ffn_down.weight               - [ 17408,   5120,      1,      1], type =   q4_K, size =   47.812 MiB
[ 301/ 866] blk.22.ffn_gate.weight               - [  5120,  17408,      1,      1], type = iq4_xs, size =   45.156 MiB
[ 302/ 866] blk.22.ffn_up.weight                 - [  5120,  17408,      1,      1], type =   q5_K, size =   58.438 MiB
[ 303/ 866] blk.22.post_attention_norm.weight    - [  5120,      1,      1,      1], type =    f32, size =    0.020 MiB
[ 304/ 866] blk.22.ssm_a                         - [    48,      1,      1,      1], type =    f32, size =    0.000 MiB
[ 305/ 866] blk.22.ssm_alpha.weight              - [  5120,     48,      1,      1], type =   q8_0, size =    0.249 MiB
[ 306/ 866] blk.22.ssm_beta.weight               - [  5120,     48,      1,      1], type =   q8_0, size =    0.249 MiB
[ 307/ 866] blk.22.ssm_conv1d.weight             - [     4,  10240,      1,      1], type =    f32, size =    0.156 MiB
[ 308/ 866] blk.22.ssm_dt.bias                   - [    48,      1,      1,      1], type =    f32, size =    0.000 MiB
[ 309/ 866] blk.22.ssm_norm.weight               - [   128,      1,      1,      1], type =    f32, size =    0.000 MiB
[ 310/ 866] blk.22.ssm_out.weight                - [  6144,   5120,      1,      1], type =   q4_K, size =   16.875 MiB
[ 311/ 866] blk.23.attn_k.weight                 - [  5120,   1024,      1,      1], type =   q5_K, size =    3.438 MiB
[ 312/ 866] blk.23.attn_k_norm.weight            - [   256,      1,      1,      1], type =    f32, size =    0.001 MiB
[ 313/ 866] blk.23.attn_norm.weight              - [  5120,      1,      1,      1], type =    f32, size =    0.020 MiB
[ 314/ 866] blk.23.attn_output.weight            - [  6144,   5120,      1,      1], type =   q6_K, size =   24.609 MiB
[ 315/ 866] blk.23.attn_q.weight                 - [  5120,  12288,      1,      1], type =   q4_K, size =   33.750 MiB
[ 316/ 866] blk.23.attn_q_norm.weight            - [   256,      1,      1,      1], type =    f32, size =    0.001 MiB
[ 317/ 866] blk.23.attn_v.weight                 - [  5120,   1024,      1,      1], type =   q6_K, size =    4.102 MiB
[ 318/ 866] blk.23.ffn_down.weight               - [ 17408,   5120,      1,      1], type =   q4_K, size =   47.812 MiB
[ 319/ 866] blk.23.ffn_gate.weight               - [  5120,  17408,      1,      1], type = iq4_xs, size =   45.156 MiB
[ 320/ 866] blk.23.ffn_up.weight                 - [  5120,  17408,      1,      1], type = iq4_xs, size =   45.156 MiB
[ 321/ 866] blk.23.post_attention_norm.weight    - [  5120,      1,      1,      1], type =    f32, size =    0.020 MiB
[ 322/ 866] blk.24.attn_gate.weight              - [  5120,   6144,      1,      1], type =   q4_K, size =   16.875 MiB
[ 323/ 866] blk.24.attn_norm.weight              - [  5120,      1,      1,      1], type =    f32, size =    0.020 MiB
[ 324/ 866] blk.24.attn_qkv.weight               - [  5120,  10240,      1,      1], type =   q5_K, size =   34.375 MiB
[ 325/ 866] blk.24.ffn_down.weight               - [ 17408,   5120,      1,      1], type =   q5_K, size =   58.438 MiB
[ 326/ 866] blk.24.ffn_gate.weight               - [  5120,  17408,      1,      1], type =   q5_K, size =   58.438 MiB
[ 327/ 866] blk.24.ffn_up.weight                 - [  5120,  17408,      1,      1], type =   q4_K, size =   47.812 MiB
[ 328/ 866] blk.24.post_attention_norm.weight    - [  5120,      1,      1,      1], type =    f32, size =    0.020 MiB
[ 329/ 866] blk.24.ssm_a                         - [    48,      1,      1,      1], type =    f32, size =    0.000 MiB
[ 330/ 866] blk.24.ssm_alpha.weight              - [  5120,     48,      1,      1], type =   q8_0, size =    0.249 MiB
[ 331/ 866] blk.24.ssm_beta.weight               - [  5120,     48,      1,      1], type =   q8_0, size =    0.249 MiB
[ 332/ 866] blk.24.ssm_conv1d.weight             - [     4,  10240,      1,      1], type =    f32, size =    0.156 MiB
[ 333/ 866] blk.24.ssm_dt.bias                   - [    48,      1,      1,      1], type =    f32, size =    0.000 MiB
[ 334/ 866] blk.24.ssm_norm.weight               - [   128,      1,      1,      1], type =    f32, size =    0.000 MiB
[ 335/ 866] blk.24.ssm_out.weight                - [  6144,   5120,      1,      1], type =   q5_K, size =   20.625 MiB
[ 336/ 866] blk.25.attn_gate.weight              - [  5120,   6144,      1,      1], type =   q5_K, size =   20.625 MiB
[ 337/ 866] blk.25.attn_norm.weight              - [  5120,      1,      1,      1], type =    f32, size =    0.020 MiB
[ 338/ 866] blk.25.attn_qkv.weight               - [  5120,  10240,      1,      1], type =   q5_K, size =   34.375 MiB
[ 339/ 866] blk.25.ffn_down.weight               - [ 17408,   5120,      1,      1], type =   q5_K, size =   58.438 MiB
[ 340/ 866] blk.25.ffn_gate.weight               - [  5120,  17408,      1,      1], type =   q5_K, size =   58.438 MiB
[ 341/ 866] blk.25.ffn_up.weight                 - [  5120,  17408,      1,      1], type =   q5_K, size =   58.438 MiB
[ 342/ 866] blk.25.post_attention_norm.weight    - [  5120,      1,      1,      1], type =    f32, size =    0.020 MiB
[ 343/ 866] blk.25.ssm_a                         - [    48,      1,      1,      1], type =    f32, size =    0.000 MiB
[ 344/ 866] blk.25.ssm_alpha.weight              - [  5120,     48,      1,      1], type =   q8_0, size =    0.249 MiB
[ 345/ 866] blk.25.ssm_beta.weight               - [  5120,     48,      1,      1], type =   q8_0, size =    0.249 MiB
[ 346/ 866] blk.25.ssm_conv1d.weight             - [     4,  10240,      1,      1], type =    f32, size =    0.156 MiB
[ 347/ 866] blk.25.ssm_dt.bias                   - [    48,      1,      1,      1], type =    f32, size =    0.000 MiB
[ 348/ 866] blk.25.ssm_norm.weight               - [   128,      1,      1,      1], type =    f32, size =    0.000 MiB
[ 349/ 866] blk.25.ssm_out.weight                - [  6144,   5120,      1,      1], type =   q6_K, size =   24.609 MiB
[ 350/ 866] blk.26.attn_gate.weight              - [  5120,   6144,      1,      1], type =   q5_K, size =   20.625 MiB
[ 351/ 866] blk.26.attn_norm.weight              - [  5120,      1,      1,      1], type =    f32, size =    0.020 MiB
[ 352/ 866] blk.26.attn_qkv.weight               - [  5120,  10240,      1,      1], type =   q5_K, size =   34.375 MiB
[ 353/ 866] blk.26.ffn_down.weight               - [ 17408,   5120,      1,      1], type =   q5_K, size =   58.438 MiB
[ 354/ 866] blk.26.ffn_gate.weight               - [  5120,  17408,      1,      1], type =   q5_K, size =   58.438 MiB
[ 355/ 866] blk.26.ffn_up.weight                 - [  5120,  17408,      1,      1], type =   q4_K, size =   47.812 MiB
[ 356/ 866] blk.26.post_attention_norm.weight    - [  5120,      1,      1,      1], type =    f32, size =    0.020 MiB
[ 357/ 866] blk.26.ssm_a                         - [    48,      1,      1,      1], type =    f32, size =    0.000 MiB
[ 358/ 866] blk.26.ssm_alpha.weight              - [  5120,     48,      1,      1], type =   q8_0, size =    0.249 MiB
[ 359/ 866] blk.26.ssm_beta.weight               - [  5120,     48,      1,      1], type =   q8_0, size =    0.249 MiB
[ 360/ 866] blk.26.ssm_conv1d.weight             - [     4,  10240,      1,      1], type =    f32, size =    0.156 MiB
[ 361/ 866] blk.26.ssm_dt.bias                   - [    48,      1,      1,      1], type =    f32, size =    0.000 MiB
[ 362/ 866] blk.26.ssm_norm.weight               - [   128,      1,      1,      1], type =    f32, size =    0.000 MiB
[ 363/ 866] blk.26.ssm_out.weight                - [  6144,   5120,      1,      1], type =   q5_K, size =   20.625 MiB
[ 364/ 866] blk.27.attn_k.weight                 - [  5120,   1024,      1,      1], type =   q6_K, size =    4.102 MiB
[ 365/ 866] blk.27.attn_k_norm.weight            - [   256,      1,      1,      1], type =    f32, size =    0.001 MiB
[ 366/ 866] blk.27.attn_norm.weight              - [  5120,      1,      1,      1], type =    f32, size =    0.020 MiB
[ 367/ 866] blk.27.attn_output.weight            - [  6144,   5120,      1,      1], type =   q6_K, size =   24.609 MiB
[ 368/ 866] blk.27.attn_q.weight                 - [  5120,  12288,      1,      1], type = iq4_xs, size =   31.875 MiB
[ 369/ 866] blk.27.attn_q_norm.weight            - [   256,      1,      1,      1], type =    f32, size =    0.001 MiB
[ 370/ 866] blk.27.attn_v.weight                 - [  5120,   1024,      1,      1], type =   q8_0, size =    5.312 MiB
[ 371/ 866] blk.27.ffn_down.weight               - [ 17408,   5120,      1,      1], type =   q5_K, size =   58.438 MiB
[ 372/ 866] blk.27.ffn_gate.weight               - [  5120,  17408,      1,      1], type = iq4_nl, size =   47.812 MiB
[ 373/ 866] blk.27.ffn_up.weight                 - [  5120,  17408,      1,      1], type = iq4_nl, size =   47.812 MiB
[ 374/ 866] blk.27.post_attention_norm.weight    - [  5120,      1,      1,      1], type =    f32, size =    0.020 MiB
[ 375/ 866] blk.28.attn_gate.weight              - [  5120,   6144,      1,      1], type =   q4_K, size =   16.875 MiB
[ 376/ 866] blk.28.attn_norm.weight              - [  5120,      1,      1,      1], type =    f32, size =    0.020 MiB
[ 377/ 866] blk.28.attn_qkv.weight               - [  5120,  10240,      1,      1], type =   q4_K, size =   28.125 MiB
[ 378/ 866] blk.28.ffn_down.weight               - [ 17408,   5120,      1,      1], type = iq4_xs, size =   45.156 MiB
[ 379/ 866] blk.28.ffn_gate.weight               - [  5120,  17408,      1,      1], type = iq4_xs, size =   45.156 MiB
[ 380/ 866] blk.28.ffn_up.weight                 - [  5120,  17408,      1,      1], type = iq4_xs, size =   45.156 MiB
[ 381/ 866] blk.28.post_attention_norm.weight    - [  5120,      1,      1,      1], type =    f32, size =    0.020 MiB
[ 382/ 866] blk.28.ssm_a                         - [    48,      1,      1,      1], type =    f32, size =    0.000 MiB
[ 383/ 866] blk.28.ssm_alpha.weight              - [  5120,     48,      1,      1], type =   q8_0, size =    0.249 MiB
[ 384/ 866] blk.28.ssm_beta.weight               - [  5120,     48,      1,      1], type =   q8_0, size =    0.249 MiB
[ 385/ 866] blk.28.ssm_conv1d.weight             - [     4,  10240,      1,      1], type =    f32, size =    0.156 MiB
[ 386/ 866] blk.28.ssm_dt.bias                   - [    48,      1,      1,      1], type =    f32, size =    0.000 MiB
[ 387/ 866] blk.28.ssm_norm.weight               - [   128,      1,      1,      1], type =    f32, size =    0.000 MiB
[ 388/ 866] blk.28.ssm_out.weight                - [  6144,   5120,      1,      1], type =   q5_K, size =   20.625 MiB
[ 389/ 866] blk.29.attn_gate.weight              - [  5120,   6144,      1,      1], type =   q4_K, size =   16.875 MiB
[ 390/ 866] blk.29.attn_norm.weight              - [  5120,      1,      1,      1], type =    f32, size =    0.020 MiB
[ 391/ 866] blk.29.attn_qkv.weight               - [  5120,  10240,      1,      1], type =   q4_K, size =   28.125 MiB
[ 392/ 866] blk.29.ffn_down.weight               - [ 17408,   5120,      1,      1], type = iq4_xs, size =   45.156 MiB
[ 393/ 866] blk.29.ffn_gate.weight               - [  5120,  17408,      1,      1], type = iq4_xs, size =   45.156 MiB
[ 394/ 866] blk.29.ffn_up.weight                 - [  5120,  17408,      1,      1], type = iq4_xs, size =   45.156 MiB
[ 395/ 866] blk.29.post_attention_norm.weight    - [  5120,      1,      1,      1], type =    f32, size =    0.020 MiB
[ 396/ 866] blk.29.ssm_a                         - [    48,      1,      1,      1], type =    f32, size =    0.000 MiB
[ 397/ 866] blk.29.ssm_alpha.weight              - [  5120,     48,      1,      1], type =   q8_0, size =    0.249 MiB
[ 398/ 866] blk.29.ssm_beta.weight               - [  5120,     48,      1,      1], type =   q8_0, size =    0.249 MiB
[ 399/ 866] blk.29.ssm_conv1d.weight             - [     4,  10240,      1,      1], type =    f32, size =    0.156 MiB
[ 400/ 866] blk.29.ssm_dt.bias                   - [    48,      1,      1,      1], type =    f32, size =    0.000 MiB
[ 401/ 866] blk.29.ssm_norm.weight               - [   128,      1,      1,      1], type =    f32, size =    0.000 MiB
[ 402/ 866] blk.29.ssm_out.weight                - [  6144,   5120,      1,      1], type =   q4_K, size =   16.875 MiB
[ 403/ 866] blk.30.attn_gate.weight              - [  5120,   6144,      1,      1], type =   q4_K, size =   16.875 MiB
[ 404/ 866] blk.30.attn_norm.weight              - [  5120,      1,      1,      1], type =    f32, size =    0.020 MiB
[ 405/ 866] blk.30.attn_qkv.weight               - [  5120,  10240,      1,      1], type =   q5_K, size =   34.375 MiB
[ 406/ 866] blk.30.ffn_down.weight               - [ 17408,   5120,      1,      1], type =   q4_K, size =   47.812 MiB
[ 407/ 866] blk.30.ffn_gate.weight               - [  5120,  17408,      1,      1], type =   q4_K, size =   47.812 MiB
[ 408/ 866] blk.30.ffn_up.weight                 - [  5120,  17408,      1,      1], type = iq4_xs, size =   45.156 MiB
[ 409/ 866] blk.30.post_attention_norm.weight    - [  5120,      1,      1,      1], type =    f32, size =    0.020 MiB
[ 410/ 866] blk.30.ssm_a                         - [    48,      1,      1,      1], type =    f32, size =    0.000 MiB
[ 411/ 866] blk.30.ssm_alpha.weight              - [  5120,     48,      1,      1], type =   q8_0, size =    0.249 MiB
[ 412/ 866] blk.30.ssm_beta.weight               - [  5120,     48,      1,      1], type =   q8_0, size =    0.249 MiB
[ 413/ 866] blk.30.ssm_conv1d.weight             - [     4,  10240,      1,      1], type =    f32, size =    0.156 MiB
[ 414/ 866] blk.30.ssm_dt.bias                   - [    48,      1,      1,      1], type =    f32, size =    0.000 MiB
[ 415/ 866] blk.30.ssm_norm.weight               - [   128,      1,      1,      1], type =    f32, size =    0.000 MiB
[ 416/ 866] blk.30.ssm_out.weight                - [  6144,   5120,      1,      1], type =   q5_K, size =   20.625 MiB
[ 417/ 866] blk.31.attn_k.weight                 - [  5120,   1024,      1,      1], type =   q8_0, size =    5.312 MiB
[ 418/ 866] blk.31.attn_k_norm.weight            - [   256,      1,      1,      1], type =    f32, size =    0.001 MiB
[ 419/ 866] blk.31.attn_norm.weight              - [  5120,      1,      1,      1], type =    f32, size =    0.020 MiB
[ 420/ 866] blk.31.attn_output.weight            - [  6144,   5120,      1,      1], type =   q6_K, size =   24.609 MiB
[ 421/ 866] blk.31.attn_q.weight                 - [  5120,  12288,      1,      1], type = iq4_xs, size =   31.875 MiB
[ 422/ 866] blk.31.attn_q_norm.weight            - [   256,      1,      1,      1], type =    f32, size =    0.001 MiB
[ 423/ 866] blk.31.attn_v.weight                 - [  5120,   1024,      1,      1], type =   q8_0, size =    5.312 MiB
[ 424/ 866] blk.31.ffn_down.weight               - [ 17408,   5120,      1,      1], type = iq4_xs, size =   45.156 MiB
[ 425/ 866] blk.31.ffn_gate.weight               - [  5120,  17408,      1,      1], type = iq4_xs, size =   45.156 MiB
[ 426/ 866] blk.31.ffn_up.weight                 - [  5120,  17408,      1,      1], type = iq4_xs, size =   45.156 MiB
[ 427/ 866] blk.31.post_attention_norm.weight    - [  5120,      1,      1,      1], type =    f32, size =    0.020 MiB
[ 428/ 866] blk.32.attn_gate.weight              - [  5120,   6144,      1,      1], type =   q4_K, size =   16.875 MiB
[ 429/ 866] blk.32.attn_norm.weight              - [  5120,      1,      1,      1], type =    f32, size =    0.020 MiB
[ 430/ 866] blk.32.attn_qkv.weight               - [  5120,  10240,      1,      1], type =   q5_K, size =   34.375 MiB
[ 431/ 866] blk.32.ffn_down.weight               - [ 17408,   5120,      1,      1], type = iq4_xs, size =   45.156 MiB
[ 432/ 866] blk.32.ffn_gate.weight               - [  5120,  17408,      1,      1], type = iq4_xs, size =   45.156 MiB
[ 433/ 866] blk.32.ffn_up.weight                 - [  5120,  17408,      1,      1], type =   q4_K, size =   47.812 MiB
[ 434/ 866] blk.32.post_attention_norm.weight    - [  5120,      1,      1,      1], type =    f32, size =    0.020 MiB
[ 435/ 866] blk.32.ssm_a                         - [    48,      1,      1,      1], type =    f32, size =    0.000 MiB
[ 436/ 866] blk.32.ssm_alpha.weight              - [  5120,     48,      1,      1], type =   q8_0, size =    0.249 MiB
[ 437/ 866] blk.32.ssm_beta.weight               - [  5120,     48,      1,      1], type =   q8_0, size =    0.249 MiB
[ 438/ 866] blk.32.ssm_conv1d.weight             - [     4,  10240,      1,      1], type =    f32, size =    0.156 MiB
[ 439/ 866] blk.32.ssm_dt.bias                   - [    48,      1,      1,      1], type =    f32, size =    0.000 MiB
[ 440/ 866] blk.32.ssm_norm.weight               - [   128,      1,      1,      1], type =    f32, size =    0.000 MiB
[ 441/ 866] blk.32.ssm_out.weight                - [  6144,   5120,      1,      1], type =   q5_K, size =   20.625 MiB
[ 442/ 866] blk.33.attn_gate.weight              - [  5120,   6144,      1,      1], type =   q4_K, size =   16.875 MiB
[ 443/ 866] blk.33.attn_norm.weight              - [  5120,      1,      1,      1], type =    f32, size =    0.020 MiB
[ 444/ 866] blk.33.attn_qkv.weight               - [  5120,  10240,      1,      1], type =   q5_K, size =   34.375 MiB
[ 445/ 866] blk.33.ffn_down.weight               - [ 17408,   5120,      1,      1], type = iq4_xs, size =   45.156 MiB
[ 446/ 866] blk.33.ffn_gate.weight               - [  5120,  17408,      1,      1], type = iq4_xs, size =   45.156 MiB
[ 447/ 866] blk.33.ffn_up.weight                 - [  5120,  17408,      1,      1], type = iq4_xs, size =   45.156 MiB
[ 448/ 866] blk.33.post_attention_norm.weight    - [  5120,      1,      1,      1], type =    f32, size =    0.020 MiB
[ 449/ 866] blk.33.ssm_a                         - [    48,      1,      1,      1], type =    f32, size =    0.000 MiB
[ 450/ 866] blk.33.ssm_alpha.weight              - [  5120,     48,      1,      1], type =   q8_0, size =    0.249 MiB
[ 451/ 866] blk.33.ssm_beta.weight               - [  5120,     48,      1,      1], type =   q8_0, size =    0.249 MiB
[ 452/ 866] blk.33.ssm_conv1d.weight             - [     4,  10240,      1,      1], type =    f32, size =    0.156 MiB
[ 453/ 866] blk.33.ssm_dt.bias                   - [    48,      1,      1,      1], type =    f32, size =    0.000 MiB
[ 454/ 866] blk.33.ssm_norm.weight               - [   128,      1,      1,      1], type =    f32, size =    0.000 MiB
[ 455/ 866] blk.33.ssm_out.weight                - [  6144,   5120,      1,      1], type = iq4_xs, size =   15.938 MiB
[ 456/ 866] blk.34.attn_gate.weight              - [  5120,   6144,      1,      1], type =   q4_K, size =   16.875 MiB
[ 457/ 866] blk.34.attn_norm.weight              - [  5120,      1,      1,      1], type =    f32, size =    0.020 MiB
[ 458/ 866] blk.34.attn_qkv.weight               - [  5120,  10240,      1,      1], type =   q5_K, size =   34.375 MiB
[ 459/ 866] blk.34.ffn_down.weight               - [ 17408,   5120,      1,      1], type =   q4_K, size =   47.812 MiB
[ 460/ 866] blk.34.ffn_gate.weight               - [  5120,  17408,      1,      1], type = iq4_xs, size =   45.156 MiB
[ 461/ 866] blk.34.ffn_up.weight                 - [  5120,  17408,      1,      1], type =   q4_K, size =   47.812 MiB
[ 462/ 866] blk.34.post_attention_norm.weight    - [  5120,      1,      1,      1], type =    f32, size =    0.020 MiB
[ 463/ 866] blk.34.ssm_a                         - [    48,      1,      1,      1], type =    f32, size =    0.000 MiB
[ 464/ 866] blk.34.ssm_alpha.weight              - [  5120,     48,      1,      1], type =   q8_0, size =    0.249 MiB
[ 465/ 866] blk.34.ssm_beta.weight               - [  5120,     48,      1,      1], type =   q8_0, size =    0.249 MiB
[ 466/ 866] blk.34.ssm_conv1d.weight             - [     4,  10240,      1,      1], type =    f32, size =    0.156 MiB
[ 467/ 866] blk.34.ssm_dt.bias                   - [    48,      1,      1,      1], type =    f32, size =    0.000 MiB
[ 468/ 866] blk.34.ssm_norm.weight               - [   128,      1,      1,      1], type =    f32, size =    0.000 MiB
[ 469/ 866] blk.34.ssm_out.weight                - [  6144,   5120,      1,      1], type =   q5_K, size =   20.625 MiB
[ 470/ 866] blk.35.attn_k.weight                 - [  5120,   1024,      1,      1], type =   q6_K, size =    4.102 MiB
[ 471/ 866] blk.35.attn_k_norm.weight            - [   256,      1,      1,      1], type =    f32, size =    0.001 MiB
[ 472/ 866] blk.35.attn_norm.weight              - [  5120,      1,      1,      1], type =    f32, size =    0.020 MiB
[ 473/ 866] blk.35.attn_output.weight            - [  6144,   5120,      1,      1], type =   q5_K, size =   20.625 MiB
[ 474/ 866] blk.35.attn_q.weight                 - [  5120,  12288,      1,      1], type = iq4_xs, size =   31.875 MiB
[ 475/ 866] blk.35.attn_q_norm.weight            - [   256,      1,      1,      1], type =    f32, size =    0.001 MiB
[ 476/ 866] blk.35.attn_v.weight                 - [  5120,   1024,      1,      1], type =   q6_K, size =    4.102 MiB
[ 477/ 866] blk.35.ffn_down.weight               - [ 17408,   5120,      1,      1], type =   q5_K, size =   58.438 MiB
[ 478/ 866] blk.35.ffn_gate.weight               - [  5120,  17408,      1,      1], type = iq4_xs, size =   45.156 MiB
[ 479/ 866] blk.35.ffn_up.weight                 - [  5120,  17408,      1,      1], type =   q4_K, size =   47.812 MiB
[ 480/ 866] blk.35.post_attention_norm.weight    - [  5120,      1,      1,      1], type =    f32, size =    0.020 MiB
[ 481/ 866] blk.36.attn_gate.weight              - [  5120,   6144,      1,      1], type =   q4_K, size =   16.875 MiB
[ 482/ 866] blk.36.attn_norm.weight              - [  5120,      1,      1,      1], type =    f32, size =    0.020 MiB
[ 483/ 866] blk.36.attn_qkv.weight               - [  5120,  10240,      1,      1], type = iq4_xs, size =   26.562 MiB
[ 484/ 866] blk.36.ffn_down.weight               - [ 17408,   5120,      1,      1], type =   q5_K, size =   58.438 MiB
[ 485/ 866] blk.36.ffn_gate.weight               - [  5120,  17408,      1,      1], type = iq4_xs, size =   45.156 MiB
[ 486/ 866] blk.36.ffn_up.weight                 - [  5120,  17408,      1,      1], type = iq4_xs, size =   45.156 MiB
[ 487/ 866] blk.36.post_attention_norm.weight    - [  5120,      1,      1,      1], type =    f32, size =    0.020 MiB
[ 488/ 866] blk.36.ssm_a                         - [    48,      1,      1,      1], type =    f32, size =    0.000 MiB
[ 489/ 866] blk.36.ssm_alpha.weight              - [  5120,     48,      1,      1], type =   q8_0, size =    0.249 MiB
[ 490/ 866] blk.36.ssm_beta.weight               - [  5120,     48,      1,      1], type =   q8_0, size =    0.249 MiB
[ 491/ 866] blk.36.ssm_conv1d.weight             - [     4,  10240,      1,      1], type =    f32, size =    0.156 MiB
[ 492/ 866] blk.36.ssm_dt.bias                   - [    48,      1,      1,      1], type =    f32, size =    0.000 MiB
[ 493/ 866] blk.36.ssm_norm.weight               - [   128,      1,      1,      1], type =    f32, size =    0.000 MiB
[ 494/ 866] blk.36.ssm_out.weight                - [  6144,   5120,      1,      1], type =   q5_K, size =   20.625 MiB
[ 495/ 866] blk.37.attn_gate.weight              - [  5120,   6144,      1,      1], type = iq4_xs, size =   15.938 MiB
[ 496/ 866] blk.37.attn_norm.weight              - [  5120,      1,      1,      1], type =    f32, size =    0.020 MiB
[ 497/ 866] blk.37.attn_qkv.weight               - [  5120,  10240,      1,      1], type = iq4_xs, size =   26.562 MiB
[ 498/ 866] blk.37.ffn_down.weight               - [ 17408,   5120,      1,      1], type = iq4_xs, size =   45.156 MiB
[ 499/ 866] blk.37.ffn_gate.weight               - [  5120,  17408,      1,      1], type =   q4_K, size =   47.812 MiB
[ 500/ 866] blk.37.ffn_up.weight                 - [  5120,  17408,      1,      1], type = iq4_xs, size =   45.156 MiB
[ 501/ 866] blk.37.post_attention_norm.weight    - [  5120,      1,      1,      1], type =    f32, size =    0.020 MiB
[ 502/ 866] blk.37.ssm_a                         - [    48,      1,      1,      1], type =    f32, size =    0.000 MiB
[ 503/ 866] blk.37.ssm_alpha.weight              - [  5120,     48,      1,      1], type =   q8_0, size =    0.249 MiB
[ 504/ 866] blk.37.ssm_beta.weight               - [  5120,     48,      1,      1], type =   q8_0, size =    0.249 MiB
[ 505/ 866] blk.37.ssm_conv1d.weight             - [     4,  10240,      1,      1], type =    f32, size =    0.156 MiB
[ 506/ 866] blk.37.ssm_dt.bias                   - [    48,      1,      1,      1], type =    f32, size =    0.000 MiB
[ 507/ 866] blk.37.ssm_norm.weight               - [   128,      1,      1,      1], type =    f32, size =    0.000 MiB
[ 508/ 866] blk.37.ssm_out.weight                - [  6144,   5120,      1,      1], type =   q5_K, size =   20.625 MiB
[ 509/ 866] blk.38.attn_gate.weight              - [  5120,   6144,      1,      1], type = iq4_xs, size =   15.938 MiB
[ 510/ 866] blk.38.attn_norm.weight              - [  5120,      1,      1,      1], type =    f32, size =    0.020 MiB
[ 511/ 866] blk.38.attn_qkv.weight               - [  5120,  10240,      1,      1], type = iq4_xs, size =   26.562 MiB
[ 512/ 866] blk.38.ffn_down.weight               - [ 17408,   5120,      1,      1], type =   q5_K, size =   58.438 MiB
[ 513/ 866] blk.38.ffn_gate.weight               - [  5120,  17408,      1,      1], type = iq4_xs, size =   45.156 MiB
[ 514/ 866] blk.38.ffn_up.weight                 - [  5120,  17408,      1,      1], type =   q5_K, size =   58.438 MiB
[ 515/ 866] blk.38.post_attention_norm.weight    - [  5120,      1,      1,      1], type =    f32, size =    0.020 MiB
[ 516/ 866] blk.38.ssm_a                         - [    48,      1,      1,      1], type =    f32, size =    0.000 MiB
[ 517/ 866] blk.38.ssm_alpha.weight              - [  5120,     48,      1,      1], type =   q8_0, size =    0.249 MiB
[ 518/ 866] blk.38.ssm_beta.weight               - [  5120,     48,      1,      1], type =   q8_0, size =    0.249 MiB
[ 519/ 866] blk.38.ssm_conv1d.weight             - [     4,  10240,      1,      1], type =    f32, size =    0.156 MiB
[ 520/ 866] blk.38.ssm_dt.bias                   - [    48,      1,      1,      1], type =    f32, size =    0.000 MiB
[ 521/ 866] blk.38.ssm_norm.weight               - [   128,      1,      1,      1], type =    f32, size =    0.000 MiB
[ 522/ 866] blk.38.ssm_out.weight                - [  6144,   5120,      1,      1], type =   q4_K, size =   16.875 MiB
[ 523/ 866] blk.39.attn_k.weight                 - [  5120,   1024,      1,      1], type =   q6_K, size =    4.102 MiB
[ 524/ 866] blk.39.attn_k_norm.weight            - [   256,      1,      1,      1], type =    f32, size =    0.001 MiB
[ 525/ 866] blk.39.attn_norm.weight              - [  5120,      1,      1,      1], type =    f32, size =    0.020 MiB
[ 526/ 866] blk.39.attn_output.weight            - [  6144,   5120,      1,      1], type =   q5_K, size =   20.625 MiB
[ 527/ 866] blk.39.attn_q.weight                 - [  5120,  12288,      1,      1], type =   q4_K, size =   33.750 MiB
[ 528/ 866] blk.39.attn_q_norm.weight            - [   256,      1,      1,      1], type =    f32, size =    0.001 MiB
[ 529/ 866] blk.39.attn_v.weight                 - [  5120,   1024,      1,      1], type =   q5_K, size =    3.438 MiB
[ 530/ 866] blk.39.ffn_down.weight               - [ 17408,   5120,      1,      1], type =   q5_K, size =   58.438 MiB
[ 531/ 866] blk.39.ffn_gate.weight               - [  5120,  17408,      1,      1], type = iq4_xs, size =   45.156 MiB
[ 532/ 866] blk.39.ffn_up.weight                 - [  5120,  17408,      1,      1], type = iq4_xs, size =   45.156 MiB
[ 533/ 866] blk.39.post_attention_norm.weight    - [  5120,      1,      1,      1], type =    f32, size =    0.020 MiB
[ 534/ 866] blk.40.attn_gate.weight              - [  5120,   6144,      1,      1], type =   q4_K, size =   16.875 MiB
[ 535/ 866] blk.40.attn_norm.weight              - [  5120,      1,      1,      1], type =    f32, size =    0.020 MiB
[ 536/ 866] blk.40.attn_qkv.weight               - [  5120,  10240,      1,      1], type = iq4_xs, size =   26.562 MiB
[ 537/ 866] blk.40.ffn_down.weight               - [ 17408,   5120,      1,      1], type =   q5_K, size =   58.438 MiB
[ 538/ 866] blk.40.ffn_gate.weight               - [  5120,  17408,      1,      1], type =   q4_K, size =   47.812 MiB
[ 539/ 866] blk.40.ffn_up.weight                 - [  5120,  17408,      1,      1], type =   q4_K, size =   47.812 MiB
[ 540/ 866] blk.40.post_attention_norm.weight    - [  5120,      1,      1,      1], type =    f32, size =    0.020 MiB
[ 541/ 866] blk.40.ssm_a                         - [    48,      1,      1,      1], type =    f32, size =    0.000 MiB
[ 542/ 866] blk.40.ssm_alpha.weight              - [  5120,     48,      1,      1], type =   q8_0, size =    0.249 MiB
[ 543/ 866] blk.40.ssm_beta.weight               - [  5120,     48,      1,      1], type =   q8_0, size =    0.249 MiB
[ 544/ 866] blk.40.ssm_conv1d.weight             - [     4,  10240,      1,      1], type =    f32, size =    0.156 MiB
[ 545/ 866] blk.40.ssm_dt.bias                   - [    48,      1,      1,      1], type =    f32, size =    0.000 MiB
[ 546/ 866] blk.40.ssm_norm.weight               - [   128,      1,      1,      1], type =    f32, size =    0.000 MiB
[ 547/ 866] blk.40.ssm_out.weight                - [  6144,   5120,      1,      1], type =   q5_K, size =   20.625 MiB
[ 548/ 866] blk.41.attn_gate.weight              - [  5120,   6144,      1,      1], type =   q4_K, size =   16.875 MiB
[ 549/ 866] blk.41.attn_norm.weight              - [  5120,      1,      1,      1], type =    f32, size =    0.020 MiB
[ 550/ 866] blk.41.attn_qkv.weight               - [  5120,  10240,      1,      1], type =   q4_K, size =   28.125 MiB
[ 551/ 866] blk.41.ffn_down.weight               - [ 17408,   5120,      1,      1], type = iq4_xs, size =   45.156 MiB
[ 552/ 866] blk.41.ffn_gate.weight               - [  5120,  17408,      1,      1], type = iq4_xs, size =   45.156 MiB
[ 553/ 866] blk.41.ffn_up.weight                 - [  5120,  17408,      1,      1], type =   q5_K, size =   58.438 MiB
[ 554/ 866] blk.41.post_attention_norm.weight    - [  5120,      1,      1,      1], type =    f32, size =    0.020 MiB
[ 555/ 866] blk.41.ssm_a                         - [    48,      1,      1,      1], type =    f32, size =    0.000 MiB
[ 556/ 866] blk.41.ssm_alpha.weight              - [  5120,     48,      1,      1], type =   q8_0, size =    0.249 MiB
[ 557/ 866] blk.41.ssm_beta.weight               - [  5120,     48,      1,      1], type =   q8_0, size =    0.249 MiB
[ 558/ 866] blk.41.ssm_conv1d.weight             - [     4,  10240,      1,      1], type =    f32, size =    0.156 MiB
[ 559/ 866] blk.41.ssm_dt.bias                   - [    48,      1,      1,      1], type =    f32, size =    0.000 MiB
[ 560/ 866] blk.41.ssm_norm.weight               - [   128,      1,      1,      1], type =    f32, size =    0.000 MiB
[ 561/ 866] blk.41.ssm_out.weight                - [  6144,   5120,      1,      1], type =   q5_K, size =   20.625 MiB
[ 562/ 866] blk.42.attn_gate.weight              - [  5120,   6144,      1,      1], type = iq4_xs, size =   15.938 MiB
[ 563/ 866] blk.42.attn_norm.weight              - [  5120,      1,      1,      1], type =    f32, size =    0.020 MiB
[ 564/ 866] blk.42.attn_qkv.weight               - [  5120,  10240,      1,      1], type =   q4_K, size =   28.125 MiB
[ 565/ 866] blk.42.ffn_down.weight               - [ 17408,   5120,      1,      1], type = iq4_xs, size =   45.156 MiB
[ 566/ 866] blk.42.ffn_gate.weight               - [  5120,  17408,      1,      1], type =   q4_K, size =   47.812 MiB
[ 567/ 866] blk.42.ffn_up.weight                 - [  5120,  17408,      1,      1], type =   q4_K, size =   47.812 MiB
[ 568/ 866] blk.42.post_attention_norm.weight    - [  5120,      1,      1,      1], type =    f32, size =    0.020 MiB
[ 569/ 866] blk.42.ssm_a                         - [    48,      1,      1,      1], type =    f32, size =    0.000 MiB
[ 570/ 866] blk.42.ssm_alpha.weight              - [  5120,     48,      1,      1], type =   q8_0, size =    0.249 MiB
[ 571/ 866] blk.42.ssm_beta.weight               - [  5120,     48,      1,      1], type =   q8_0, size =    0.249 MiB
[ 572/ 866] blk.42.ssm_conv1d.weight             - [     4,  10240,      1,      1], type =    f32, size =    0.156 MiB
[ 573/ 866] blk.42.ssm_dt.bias                   - [    48,      1,      1,      1], type =    f32, size =    0.000 MiB
[ 574/ 866] blk.42.ssm_norm.weight               - [   128,      1,      1,      1], type =    f32, size =    0.000 MiB
[ 575/ 866] blk.42.ssm_out.weight                - [  6144,   5120,      1,      1], type =   q5_K, size =   20.625 MiB
[ 576/ 866] blk.43.attn_k.weight                 - [  5120,   1024,      1,      1], type =   q5_K, size =    3.438 MiB
[ 577/ 866] blk.43.attn_k_norm.weight            - [   256,      1,      1,      1], type =    f32, size =    0.001 MiB
[ 578/ 866] blk.43.attn_norm.weight              - [  5120,      1,      1,      1], type =    f32, size =    0.020 MiB
[ 579/ 866] blk.43.attn_output.weight            - [  6144,   5120,      1,      1], type =   q5_K, size =   20.625 MiB
[ 580/ 866] blk.43.attn_q.weight                 - [  5120,  12288,      1,      1], type =   q4_K, size =   33.750 MiB
[ 581/ 866] blk.43.attn_q_norm.weight            - [   256,      1,      1,      1], type =    f32, size =    0.001 MiB
[ 582/ 866] blk.43.attn_v.weight                 - [  5120,   1024,      1,      1], type =   q5_K, size =    3.438 MiB
[ 583/ 866] blk.43.ffn_down.weight               - [ 17408,   5120,      1,      1], type = iq4_xs, size =   45.156 MiB
[ 584/ 866] blk.43.ffn_gate.weight               - [  5120,  17408,      1,      1], type =   q4_K, size =   47.812 MiB
[ 585/ 866] blk.43.ffn_up.weight                 - [  5120,  17408,      1,      1], type = iq4_xs, size =   45.156 MiB
llama_model_quantize: failed to quantize: basic_ios::clear: iostream error
llama_quantize: failed to quantize model from '/workspace/ollama/models/blobs/sha256-322e194ff79741c7baa497c240f677f54b201b0efab44ca8e50f122b39123482'
[GIN] 2026/09/04 - 18:11:40 | 200 |  4.668380474s |       127.0.0.1 | POST     "/api/create"
[GIN] 2026/09/04 - 18:11:40 | 200 |       21.61µs |       127.0.0.1 | HEAD     "/"
[GIN] 2026/09/04 - 18:11:40 | 200 |       81.78µs |       127.0.0.1 | GET      "/api/tags"
[GIN] 2026/09/04 - 18:11:54 | 200 |       37.13µs |       127.0.0.1 | GET      "/api/version"
[GIN] 2026/09/04 - 18:21:16 | 200 |      36.009µs |       127.0.0.1 | HEAD     "/"
time=2026-09-04T18:21:16.925Z level=INFO source=download.go:181 msg="downloading ac3714bfddde in 10 100 MB part(s)"
time=2026-09-04T18:21:19.389Z level=INFO source=download.go:181 msg="downloading f5f1dd8920d4 in 17 1 GB part(s)"
time=2026-09-04T18:21:53.098Z level=INFO source=download.go:181 msg="downloading 4c6a8e842ef0 in 1 11 KB part(s)"
time=2026-09-04T18:21:53.415Z level=INFO source=download.go:181 msg="downloading 906ee87bde6c in 1 114 B part(s)"
time=2026-09-04T18:21:53.736Z level=INFO source=download.go:181 msg="downloading 492b2922d38e in 1 215 B part(s)"
[GIN] 2026/09/04 - 18:22:05 | 200 | 49.601616398s |       127.0.0.1 | POST     "/api/pull"
[GIN] 2026/09/04 - 18:22:05 | 200 |       26.63µs |       127.0.0.1 | HEAD     "/"
[GIN] 2026/09/04 - 18:22:05 | 200 |     301.789µs |       127.0.0.1 | GET      "/api/tags"
[GIN] 2026/09/04 - 18:22:05 | 200 |       20.56µs |       127.0.0.1 | HEAD     "/"
[GIN] 2026/09/04 - 18:22:06 | 200 |  297.225953ms |       127.0.0.1 | POST     "/api/show"
time=2026-09-04T18:22:07.699Z level=INFO source=server.go:109 msg="using llama-server for model" model=/workspace/ollama/models/blobs/sha256-f5f1dd8920d417aac2718b0bda3403da274301efdd6760b4f0f4b864ff2ad57d
time=2026-09-04T18:22:07.701Z level=INFO source=llama_server.go:433 msg="starting llama-server" cmd="/usr/local/lib/ollama/llama-server --model /workspace/ollama/models/blobs/sha256-f5f1dd8920d417aac2718b0bda3403da274301efdd6760b4f0f4b864ff2ad57d --port 45757 --host 127.0.0.1 --no-webui --offline -c 32768 -np 1 --log-verbosity 4 --no-log-prefix --no-log-timestamps --no-jinja --chat-template chatml --mmproj /workspace/ollama/models/blobs/sha256-ac3714bfdddeca31351f2752bf1a63f266f4df87c0b68c895e44945ca704448e --spec-type draft-mtp --spec-draft-n-max 4 --spec-draft-backend-sampling --flash-attn auto -b 1024 -ub 1024 --context-shift --keep 4"
time=2026-09-04T18:22:07.702Z level=INFO source=sched.go:613 msg="system memory" total="503.6 GiB" free="142.1 GiB" free_swap="160.8 GiB"
time=2026-09-04T18:22:07.702Z level=INFO source=sched.go:620 msg="gpu memory" id=0 library=CUDA available="30.5 GiB" free="30.9 GiB" minimum="457.0 MiB" overhead="0 B"
time=2026-09-04T18:22:07.702Z level=INFO source=llama_server.go:1048 msg="loading model via llama-server" model=/workspace/ollama/models/blobs/sha256-f5f1dd8920d417aac2718b0bda3403da274301efdd6760b4f0f4b864ff2ad57d
time=2026-09-04T18:22:07.702Z level=INFO source=llama_server.go:1295 msg="waiting for llama-server to start responding"
time=2026-09-04T18:22:07.702Z level=INFO source=llama_server.go:1350 msg="waiting for llama-server to become available" status="llm server not responding"
cmn  common_param: common_params_print_info: build 1 (0f3a71be1) with GNU 13.3.1 for Linux x86_64
cmn  common_param: common_params_print_info: verbosity = 4 (adjust with the `-lv N` CLI arg)
cmn  common_param: device_info:
cmn  common_param:   - CPU     : AMD EPYC 9B14 96-Core Processor (515689 MiB, 515689 MiB free)
cmn  common_param:   - CUDA0   : NVIDIA GeForce RTX 5090 (32149 MiB, 31643 MiB free)
cmn  common_param: system_info: n_threads = 96 (n_threads_batch = 96) / 192 | CPU : SSE3 = 1 | SSSE3 = 1 | AVX = 1 | AVX2 = 1 | F16C = 1 | FMA = 1 | BMI2 = 1 | AVX512 = 1 | AVX512_VBMI = 1 | AVX512_VNNI = 1 | AVX512_BF16 = 1 | LLAMAFILE = 1 | REPACK = 1 | CUDA : ARCHS = 750,800,860,870,890,900,1000,1030,1100,1200,1210 | USE_GRAPHS = 1 | BLACKWELL_NATIVE_FP4 = 1 | 
srv          init: using 191 threads for HTTP server
srv          init: The UI is disabled
srv          init: Use --ui/--no-ui (or deprecated --webui/--no-webui) to enable/disable
srv  llama_server: -----------------
srv  llama_server: CORS is set to allow all origins ('*') and no API key is set
srv  llama_server: this can be a security risk (cross-origin attacks)
srv  llama_server: more info: https://github.com/ggml-org/llama.cpp/pull/25655
srv  llama_server: -----------------
srv         start: binding port with default address family
srv    load_model: loading model '/workspace/ollama/models/blobs/sha256-f5f1dd8920d417aac2718b0bda3403da274301efdd6760b4f0f4b864ff2ad57d'
srv    load_model: local path '/workspace/ollama/models/blobs/sha256-f5f1dd8920d417aac2718b0bda3403da274301efdd6760b4f0f4b864ff2ad57d'
srv    load_model: [mtmd] estimated worst-case memory usage of mmproj is 1161.02 MiB (took 59.56 ms)
cmn  common_init_: fitting params to device memory ...
cmn  common_init_: (for bugs during this step try to reproduce them with -fit off, or provide --verbose logs if the bug only occurs with -fit on)
common_params_fit_impl: getting device memory data for initial parameters:
time=2026-09-04T18:22:08.205Z level=INFO source=llama_server.go:1350 msg="waiting for llama-server to become available" status="llm server loading model"
common_memory_breakdown_print: | memory breakdown [MiB] | total    free     self   model   context   compute    unaccounted |
common_memory_breakdown_print: |   - CUDA0 (RTX 5090)   | 32149 = 30891 + (18443 = 15339 +    2796 +     308) +      -17185 |
common_memory_breakdown_print: |   - Host               |                    786 =   682 +       0 +     104                |
operator(): getting device memory data for the extra model at a context size of 32768:
common_memory_breakdown_print: | memory breakdown [MiB] | total    free     self   model   context   compute    unaccounted |
common_memory_breakdown_print: |   - CUDA0 (RTX 5090)   | 32149 = 31641 + (15727 = 15339 +     128 +     260) +      -15219 |
common_memory_breakdown_print: |   - Host               |                    786 =   682 +       0 +     104                |
common_params_fit_impl: projected to use 18831 MiB of device memory vs. 30891 MiB of free device memory
common_params_fit_impl: will leave 12060 >= 1936 MiB of free device memory, no changes needed
common_fit_params: successfully fit params to free device memory
common_fit_params: fitting params to free memory took 0.81 seconds
llama_model_loader: loaded meta data with 42 key-value pairs and 866 tensors from /workspace/ollama/models/blobs/sha256-f5f1dd8920d417aac2718b0bda3403da274301efdd6760b4f0f4b864ff2ad57d (version GGUF V3 (latest))
llama_model_loader: Dumping metadata keys/values. Note: KV overrides do not apply in this output.
llama_model_loader: - kv   0:                       general.architecture str              = qwen35
llama_model_loader: - kv   1:                               general.type str              = model
llama_model_loader: - kv   2:                     general.sampling.top_k i32              = 20
llama_model_loader: - kv   3:                     general.sampling.top_p f32              = 0.950000
llama_model_loader: - kv   4:                      general.sampling.temp f32              = 1.000000
llama_model_loader: - kv   5:                               general.name str              = Qwen3.8 27B 0814
llama_model_loader: - kv   6:                            general.version str              = 0814
llama_model_loader: - kv   7:                           general.basename str              = Qwen3.8
llama_model_loader: - kv   8:                         general.size_label str              = 27B
llama_model_loader: - kv   9:                            general.license str              = apache-2.0
llama_model_loader: - kv  10:                               general.tags arr[str,1]       = ["image-text-to-text"]
llama_model_loader: - kv  11:                         qwen35.block_count u32              = 65
llama_model_loader: - kv  12:                      qwen35.context_length u32              = 262144
llama_model_loader: - kv  13:                    qwen35.embedding_length u32              = 5120
llama_model_loader: - kv  14:                 qwen35.feed_forward_length u32              = 17408
llama_model_loader: - kv  15:                qwen35.attention.head_count u32              = 24
llama_model_loader: - kv  16:             qwen35.attention.head_count_kv u32              = 4
llama_model_loader: - kv  17:             qwen35.rope.dimension_sections arr[i32,4]       = [11, 11, 10, 0]
llama_model_loader: - kv  18:                      qwen35.rope.freq_base f32              = 10000000.000000
llama_model_loader: - kv  19:    qwen35.attention.layer_norm_rms_epsilon f32              = 0.000001
llama_model_loader: - kv  20:                qwen35.attention.key_length u32              = 256
llama_model_loader: - kv  21:              qwen35.attention.value_length u32              = 256
llama_model_loader: - kv  22:                qwen35.nextn_predict_layers u32              = 1
llama_model_loader: - kv  23:                     qwen35.ssm.conv_kernel u32              = 4
llama_model_loader: - kv  24:                      qwen35.ssm.state_size u32              = 128
llama_model_loader: - kv  25:                     qwen35.ssm.group_count u32              = 16
llama_model_loader: - kv  26:                  qwen35.ssm.time_step_rank u32              = 48
llama_model_loader: - kv  27:                      qwen35.ssm.inner_size u32              = 6144
llama_model_loader: - kv  28:             qwen35.full_attention_interval u32              = 4
llama_model_loader: - kv  29:                qwen35.rope.dimension_count u32              = 64
llama_model_loader: - kv  30:                       tokenizer.ggml.model str              = gpt2
llama_model_loader: - kv  31:                         tokenizer.ggml.pre str              = qwen35
llama_model_loader: - kv  32:                      tokenizer.ggml.tokens arr[str,248320]  = ["!", "\"", "#", "$", "%", "&", "'", ...
llama_model_loader: - kv  33:                  tokenizer.ggml.token_type arr[i32,248320]  = [1, 1, 1, 1, 1, 1, 1, 1, 1, 1, 1, 1, ...
llama_model_loader: - kv  34:                      tokenizer.ggml.merges arr[str,247587]  = ["Ġ Ġ", "ĠĠ ĠĠ", "i n", "Ġ t",...
llama_model_loader: - kv  35:                tokenizer.ggml.eos_token_id u32              = 248046
llama_model_loader: - kv  36:            tokenizer.ggml.padding_token_id u32              = 248044
llama_model_loader: - kv  37:                tokenizer.ggml.bos_token_id u32              = 248044
llama_model_loader: - kv  38:               tokenizer.ggml.add_bos_token bool             = false
llama_model_loader: - kv  39:                    tokenizer.chat_template str              = {%- set image_count = namespace(value...
llama_model_loader: - kv  40:               general.quantization_version u32              = 2
llama_model_loader: - kv  41:                          general.file_type u32              = 15
llama_model_loader: - type  f32:  360 tensors
llama_model_loader: - type q4_K:  439 tensors
llama_model_loader: - type q6_K:   67 tensors
print_info: file format = GGUF V3 (latest)
print_info: file type   = Q4_K - Medium
print_info: file size   = 15.65 GiB (4.92 BPW) 
llama_prepare_model_devices: using device CUDA0 (NVIDIA GeForce RTX 5090) (0000:83:00.0) - 31641 MiB free
load: 0 unused tokens
load: printing all EOG tokens:
load:   - 248044 ('<|endoftext|>')
load:   - 248046 ('<|im_end|>')
load:   - 248063 ('<|fim_pad|>')
load:   - 248064 ('<|repo_name|>')
load:   - 248065 ('<|file_sep|>')
load: special tokens cache size = 33
load: token to piece cache size = 1.7581 MB
print_info: arch                  = qwen35
print_info: vocab_only            = 0
print_info: no_alloc              = 0
print_info: n_ctx_train           = 262144
print_info: n_embd_inp            = 5120
print_info: n_embd                = 5120
print_info: n_embd_out            = 5120
print_info: n_layer               = 64
print_info: n_layer_all           = 65
print_info: n_head                = 24
print_info: n_head_kv             = 4
print_info: n_rot                 = 64
print_info: n_swa                 = 0
print_info: is_swa_any            = 0
print_info: n_embd_head_k         = 256
print_info: n_embd_head_v         = 256
print_info: n_gqa                 = 6
print_info: n_embd_k_gqa          = 1024
print_info: n_embd_v_gqa          = 1024
print_info: f_norm_eps            = 0.0e+00
print_info: f_norm_rms_eps        = 1.0e-06
print_info: f_clamp_kqv           = 0.0e+00
print_info: f_max_alibi_bias      = 0.0e+00
print_info: f_logit_scale         = 0.0e+00
print_info: f_attn_scale          = 0.0e+00
print_info: f_attn_value_scale    = 0.0000
print_info: n_ff                  = 17408
print_info: n_expert              = 0
print_info: n_expert_used         = 0
print_info: n_expert_groups       = 0
print_info: n_group_used          = 0
print_info: causal attn           = 1
print_info: pooling type          = -1
print_info: rope type             = 40
print_info: rope scaling          = linear
print_info: freq_base_train       = 10000000.0
print_info: freq_scale_train      = 1
print_info: n_ctx_orig_yarn       = 262144
print_info: rope_yarn_log_mul     = 0.0000
print_info: rope_finetuned        = unknown
print_info: mrope sections        = [11, 11, 10, 0]
print_info: ssm_d_conv            = 4
print_info: ssm_d_inner           = 6144
print_info: ssm_d_state           = 128
print_info: ssm_dt_rank           = 48
print_info: ssm_n_group           = 16
print_info: ssm_dt_b_c_rms        = 0
print_info: model type            = 27B
print_info: model params          = 27.32 B
print_info: general.name          = Qwen3.8 27B 0814
print_info: vocab type            = BPE
print_info: n_vocab               = 248320
print_info: n_merges              = 247587
print_info: BOS token             = 248044 '<|endoftext|>'
print_info: EOS token             = 248046 '<|im_end|>'
print_info: EOT token             = 248046 '<|im_end|>'
print_info: PAD token             = 248044 '<|endoftext|>'
print_info: LF token              = 198 'Ċ'
print_info: FIM PRE token         = 248060 '<|fim_prefix|>'
print_info: FIM SUF token         = 248062 '<|fim_suffix|>'
print_info: FIM MID token         = 248061 '<|fim_middle|>'
print_info: FIM PAD token         = 248063 '<|fim_pad|>'
print_info: FIM REP token         = 248064 '<|repo_name|>'
print_info: FIM SEP token         = 248065 '<|file_sep|>'
print_info: EOG token             = 248044 '<|endoftext|>'
print_info: EOG token             = 248046 '<|im_end|>'
print_info: EOG token             = 248063 '<|fim_pad|>'
print_info: EOG token             = 248064 '<|repo_name|>'
print_info: EOG token             = 248065 '<|file_sep|>'
print_info: max token length      = 256
load_tensors: loading model tensors, this can take a while... (load_mode = mmap)
time=2026-09-04T18:22:09.413Z level=INFO source=llama_server.go:1350 msg="waiting for llama-server to become available" status="llm server not responding"
time=2026-09-04T18:22:10.267Z level=INFO source=llama_server.go:1350 msg="waiting for llama-server to become available" status="llm server loading model"
load_tensors: offloading output layer to GPU
load_tensors: offloading 64 repeating layers to GPU
load_tensors: offloaded 66/66 layers to GPU
load_tensors:   CPU_Mapped model buffer size =   682.03 MiB
load_tensors:        CUDA0 model buffer size = 15339.44 MiB
cmn  common_init_: added <|endoftext|> logit bias = -inf
cmn  common_init_: added <|im_end|> logit bias = -inf
cmn  common_init_: added <|fim_pad|> logit bias = -inf
cmn  common_init_: added <|repo_name|> logit bias = -inf
cmn  common_init_: added <|file_sep|> logit bias = -inf
llama_context: constructing llama_context
llama_context: n_seq_max             = 1
llama_context: n_ctx                 = 32768
llama_context: n_ctx_seq             = 32768
llama_context: n_batch               = 1024
llama_context: n_ubatch              = 1024
llama_context: causal_attn           = 1
llama_context: flash_attn            = auto
llama_context: kv_unified            = false
llama_context: freq_base             = 10000000.0
llama_context: freq_scale            = 1
llama_context: n_rs_seq              = 4
llama_context: n_outputs_max         = 5
llama_context: n_outputs_max_per_seq = 5
llama_context: n_ctx_seq (32768) < n_ctx_train (262144) -- the full capacity of the model will not be utilized
llama_context:  CUDA_Host  output buffer size =     0.95 MiB
llama_kv_cache:      CUDA0 KV buffer size =  2048.00 MiB
llama_kv_cache: size = 2048.00 MiB ( 32768 cells,  16 layers,  1/1 seqs), K (f16): 1024.00 MiB, V (f16): 1024.00 MiB
llama_kv_cache: attn_rot_k = 0, n_embd_head_k_all = 256
llama_kv_cache: attn_rot_v = 0, n_embd_head_k_all = 256
llama_memory_recurrent:      CUDA0 RS buffer size =   748.12 MiB
llama_memory_recurrent: size =  748.12 MiB (     1 cells,  64 layers,  1 seqs  4 rs_seq), R (f32):   28.12 MiB, S (f32):  720.00 MiB, P (f32):    0.00 MiB
sched_reserve: reserving ...
resolve_fused_ops: Flash Attention enabled
resolve_fused_ops: resolving fused DeepSeek V4 HC support:
resolve_fused_ops: fused DeepSeek V4 HC pre enabled
resolve_fused_ops: fused DeepSeek V4 HC comb enabled
resolve_fused_ops: fused DeepSeek V4 HC post enabled
sched_reserve:      CUDA0 compute buffer size =   308.03 MiB
sched_reserve:  CUDA_Host compute buffer size =   104.04 MiB
sched_reserve: graph nodes  = 4231
sched_reserve: graph splits = 2
sched_reserve: reserve took 83.19 ms, sched copies = 1
cmn          init: llama threadpool init, n_threads = 96
cmn  common_init_: KV cache shifting is not supported for this context, disabling KV cache shifting
cmn  common_init_: warming up the model with an empty run - please wait ... (--no-warmup to disable)
common_speculative_init_result: creating MTP draft context against the target model '/workspace/ollama/models/blobs/sha256-f5f1dd8920d417aac2718b0bda3403da274301efdd6760b4f0f4b864ff2ad57d'
llama_context: constructing llama_context
llama_context: n_seq_max             = 1
llama_context: n_ctx                 = 32768
llama_context: n_ctx_seq             = 32768
llama_context: n_batch               = 1024
llama_context: n_ubatch              = 1024
llama_context: causal_attn           = 1
llama_context: flash_attn            = auto
llama_context: kv_unified            = false
llama_context: freq_base             = 10000000.0
llama_context: freq_scale            = 1
llama_context: n_rs_seq              = 0
llama_context: n_outputs_max         = 1
llama_context: n_outputs_max_per_seq = 1
llama_context: n_ctx_seq (32768) < n_ctx_train (262144) -- the full capacity of the model will not be utilized
llama_context:  CUDA_Host  output buffer size =     0.95 MiB
llama_kv_cache:      CUDA0 KV buffer size =   128.00 MiB
llama_kv_cache: size =  128.00 MiB ( 32768 cells,   1 layers,  1/1 seqs), K (f16):   64.00 MiB, V (f16):   64.00 MiB
llama_kv_cache: attn_rot_k = 0, n_embd_head_k_all = 256
llama_kv_cache: attn_rot_v = 0, n_embd_head_k_all = 256
sched_reserve: reserving ...
resolve_fused_ops: Flash Attention enabled
resolve_fused_ops: resolving fused DeepSeek V4 HC support:
resolve_fused_ops: fused DeepSeek V4 HC pre enabled
resolve_fused_ops: fused DeepSeek V4 HC comb enabled
resolve_fused_ops: fused DeepSeek V4 HC post enabled
sched_reserve:      CUDA0 compute buffer size =   260.03 MiB
sched_reserve:  CUDA_Host compute buffer size =   104.04 MiB
sched_reserve: graph nodes  = 50
sched_reserve: graph splits = 2
sched_reserve: reserve took 61.00 ms, sched copies = 1
clip_model_loader: model name:   Qwen3.8 27B 0814
clip_model_loader: description:  
clip_model_loader: GGUF version: 3
clip_model_loader: alignment:    32
clip_model_loader: n_tensors:    334
clip_model_loader: n_kv:         29

clip_model_loader: has vision encoder
clip_ctx: CLIP using CUDA0 backend
load_hparams: Qwen-VL models require at minimum 1024 image tokens to function correctly on grounding tasks
load_hparams: if you encounter problems with accuracy, try adding --image-min-tokens 1024
load_hparams: more info: https://github.com/ggml-org/llama.cpp/issues/16842

load_hparams: projector:          qwen3vl_merger
load_hparams: n_embd:             1152
load_hparams: n_head:             16
load_hparams: n_ff:               4304
load_hparams: n_layer:            27
load_hparams: ffn_op:             gelu
load_hparams: projection_dim:     5120

--- vision hparams ---
load_hparams: image_size:         768
load_hparams: patch_size:         16
load_hparams: has_llava_proj:     0
load_hparams: minicpmv_version:   0
load_hparams: n_merge:            2
load_hparams: n_wa_pattern: 0
load_hparams: image_min_pixels:   8192
load_hparams: image_max_pixels:   4194304

load_hparams: model size:         887.99 MiB
load_hparams: metadata size:      0.12 MiB
get_dummy_batch: warmup with image size = 1472 x 1472
get_dummy_batch: warmup with image size = 1472 x 1472
reserve_compute_meta:      CUDA0 compute buffer size =   248.10 MiB
reserve_compute_meta:        CPU compute buffer size =    24.93 MiB
reserve_compute_meta: graph splits = 1, nodes = 823
warmup: flash attention is enabled
srv    load_model: loaded multimodal model, '/workspace/ollama/models/blobs/sha256-ac3714bfdddeca31351f2752bf1a63f266f4df87c0b68c895e44945ca704448e'
cmn  common_conte: the context supports bounded partial sequence removal
srv    load_model: initializing, n_slots = 1, n_ctx_slot = 32768, kv_unified = 'false'
spec common_specu: adding speculative implementation 'draft-mtp'
spec common_specu: - n_max=4, n_min=0, p_min=0.00, n_embd=5120, backend_sampling=1
spec common_specu: - gpu_layers=-1, cache_k=f16, cache_v=f16, ctx_tgt=yes, ctx_dft=yes, devices=[default]
sched_reserve: reserving ...
sched_reserve:      CUDA0 compute buffer size =   260.03 MiB
sched_reserve:  CUDA_Host compute buffer size =   104.04 MiB
sched_reserve: graph nodes  = 56
sched_reserve: graph splits = 2
sched_reserve: reserve took 216.62 ms, sched copies = 1
srv    load_model: speculative decoding context initialized
slot   load_model: id  0 | task -1 | new slot, n_ctx = 32768
srv    load_model: prompt cache is enabled, size limit: 8192 MiB
srv    load_model: use `--cache-ram 0` to disable the prompt cache
srv    load_model: for more info see https://github.com/ggml-org/llama.cpp/pull/16391
srv    load_model: context checkpoints enabled, max = 32, min spacing = 8192
srv          init: idle slots will be saved to prompt cache upon starting a new task
srv          init: init: chat template, example_format: '<|im_start|>system
You are a helpful assistant<|im_end|>
<|im_start|>user
Hello<|im_end|>
<|im_start|>assistant
Hi there<|im_end|>
<|im_start|>user
How are you?<|im_end|>
<|im_start|>assistant
'
srv          init: init: chat template, thinking = 0
srv  llama_server: model loaded
srv  llama_server: listening on http://127.0.0.1:45757
srv  update_slots: all slots are idle
time=2026-09-04T18:22:47.122Z level=INFO source=llama_server.go:1362 msg="llama-server started in 39.42 seconds"
time=2026-09-04T18:22:47.222Z level=INFO source=images.go:424 msg="template selection" model=registry.ollama.ai/library/qwen3.8:27b selected=renderer_parser renderer=qwen3.8 parser=qwen3.5 go_template=null chat_template="[tools thinking completion vision]" harmony=null renderer_parser="[completion vision tools thinking]"
time=2026-09-04T18:22:47.222Z level=INFO source=sched.go:728 msg="loaded runners" count=1
time=2026-09-04T18:22:47.222Z level=INFO source=llama_server.go:1295 msg="waiting for llama-server to start responding"
time=2026-09-04T18:22:47.222Z level=INFO source=llama_server.go:1362 msg="llama-server started in 39.52 seconds"
srv  server_strea: conv_id= (empty=1)
slot get_availabl: id  0 | task -1 |  - skipping, slot is empty
slot get_availabl: id  0 | task -1 | selected slot by LRU, t_last = -1
srv  get_availabl: updating prompt cache
srv          load:  - looking for better prompt, base f_keep = -1.000, f_sim = 0.000
srv        update:  - cache state: 0 prompts, 0.000 MiB (limits: 8192.000 MiB, 32768 tokens, 8589934592 est)
srv  get_availabl: prompt cache update took 0.01 ms
slot launch_slot_: id  0 | task -1 | sampler chain: logits -> ?penalties -> ?dry -> ?top-n-sigma -> top-k -> ?typical -> top-p -> ?min-p -> ?xtc -> temp-ext -> dist 
slot launch_slot_: id  0 | task -1 | sampler params: 
	repeat_last_n = 64, repeat_penalty = 1.000, frequency_penalty = 0.000, presence_penalty = 0.000
	dry_multiplier = 0.000, dry_base = 1.750, dry_allowed_length = 2, dry_penalty_last_n = 64
	top_k = 20, top_p = 0.950, min_p = 0.000, xtc_probability = 0.000, xtc_threshold = 0.100, typical_p = 1.000, top_n_sigma = -1.000, temp = 0.000
	mirostat = 0, mirostat_lr = 0.100, mirostat_ent = 5.000, adaptive_target = -1.000, adaptive_decay = 0.900
slot launch_slot_: id  0 | task 0 | processing task, is_child = 0
slot   operator(): id  0 | task 0 | new prompt, n_ctx_slot = 32768, n_keep = 4, task.n_tokens = 12
slot   operator(): id  0 | task 0 | cached n_tokens = 0, memory_seq_rm [0, end)
slot print_timing: id  0 | task 0 | prompt processing, n_tokens =      8, progress = 0.67, t =  20.18 s / 0.40 tokens per second
slot   operator(): id  0 | task 0 | cached n_tokens = 8, memory_seq_rm [8, end)
slot init_sampler: id  0 | task 0 | init sampler, took 0.01 ms, tokens: text = 12, total = 12
slot create_check: id  0 | task 0 | created context checkpoint 1 of 32 (pos_min = 7, pos_max = 7, n_tokens = 8, size = 149.658 MiB)
slot print_timing: id  0 | task 0 | prompt eval time =   25679.36 ms /    12 tokens ( 2139.95 ms per token,     0.47 tokens per second)
slot print_timing: id  0 | task 0 |        eval time =    1253.33 ms /     8 tokens (  179.05 ms per token,     5.59 tokens per second)
slot print_timing: id  0 | task 0 |       total time =   26932.69 ms /    20 tokens
slot print_timing: id  0 | task 0 |    graphs reused =          2
slot print_timing: id  0 | task 0 | draft acceptance = 0.62500 (    5 accepted /     8 generated), mean len =  3.50
slot print_timing: id  0 | task 0 |      acc per pos = (1.000, 0.500, 0.500, 0.500)
spec common_specu: statistics        draft-mtp: #calls(b,g,a) =    1      2      2, #gen drafts =      2, #acc drafts =     2, #gen tokens =      8, #acc tokens =     5, #mean acc len = 3.50, #acc rate/pos = (1.000, 0.500, 0.500, 0.500), dur(b,g,a) = 0.003, 1188.022, 0.005 ms
slot      release: id  0 | task 0 | stop processing: n_tokens = 19, truncated = 0
srv  update_slots: all slots are idle
[GIN] 2026/09/04 - 18:23:14 | 200 |          1m7s |       127.0.0.1 | POST     "/api/generate"
srv  server_strea: conv_id= (empty=1)
slot get_availabl: id  0 | task -1 |  - checking sim = 0.083 (3/36) > 0.100
slot get_availabl: id  0 | task -1 | selected slot by LRU, t_last = 772630623410
srv  get_availabl: updating prompt cache
srv   prompt_save:  - saving prompt with length 19, total state size = 150.889 MiB (draft: 0.075 MiB)
srv          load:  - looking for better prompt, base f_keep = 0.158, f_sim = 0.083
srv          load:    - prompt with length      19, lcp =       3, f_keep = 0.158, f_sim = 0.083
srv        update:  - cache state: 1 prompts, 300.547 MiB (limits: 8192.000 MiB, 32768 tokens, 32768 est)
srv        update:    - prompt 0x3363b840:      19 tokens, checkpoints:  1,   300.547 MiB
srv  get_availabl: prompt cache update took 156.03 ms
slot launch_slot_: id  0 | task -1 | sampler chain: logits -> ?penalties -> ?dry -> ?top-n-sigma -> top-k -> ?typical -> top-p -> ?min-p -> ?xtc -> temp-ext -> dist 
slot launch_slot_: id  0 | task -1 | sampler params: 
	repeat_last_n = 64, repeat_penalty = 1.000, frequency_penalty = 0.000, presence_penalty = 0.000
	dry_multiplier = 0.000, dry_base = 1.750, dry_allowed_length = 2, dry_penalty_last_n = 64
	top_k = 20, top_p = 0.950, min_p = 0.000, xtc_probability = 0.000, xtc_threshold = 0.100, typical_p = 1.000, top_n_sigma = -1.000, temp = 0.000
	mirostat = 0, mirostat_lr = 0.100, mirostat_ent = 5.000, adaptive_target = -1.000, adaptive_decay = 0.900
slot launch_slot_: id  0 | task 5 | processing task, is_child = 0
slot   operator(): id  0 | task 5 | new prompt, n_ctx_slot = 32768, n_keep = 4, task.n_tokens = 36
slot   operator(): id  0 | task 5 | checking checkpoint with [7, 7] against 3...
slot   operator(): id  0 | task 5 | forcing full prompt re-processing due to lack of cache data (likely due to SWA or hybrid/recurrent memory, see https://github.com/ggml-org/llama.cpp/pull/13194#issuecomment-2868343055)
slot   operator(): id  0 | task 5 | erased invalidated context checkpoint (pos_min = 7, pos_max = 7, n_tokens = 8, n_swa = 0, pos_next = 0, size = 149.658 MiB)
slot   operator(): id  0 | task 5 | cached n_tokens = 0, memory_seq_rm [0, end)
slot   operator(): id  0 | task 5 | cached n_tokens = 32, memory_seq_rm [32, end)
slot init_sampler: id  0 | task 5 | init sampler, took 0.01 ms, tokens: text = 36, total = 36
slot create_check: id  0 | task 5 | created context checkpoint 1 of 32 (pos_min = 31, pos_max = 31, n_tokens = 32, size = 149.752 MiB)
slot print_timing: id  0 | task 5 | n_gen =    204, tg =  67.50 t/s, tg_3s =  67.84 t/s
slot print_timing: id  0 | task 5 | prompt eval time =     444.95 ms /    36 tokens (   12.36 ms per token,    80.91 tokens per second)
slot print_timing: id  0 | task 5 |        eval time =    3827.90 ms /   256 tokens (   15.01 ms per token,    66.62 tokens per second)
slot print_timing: id  0 | task 5 |       total time =    4272.85 ms /   292 tokens
slot print_timing: id  0 | task 5 |    graphs reused =         86
slot print_timing: id  0 | task 5 | draft acceptance = 0.48696 (  168 accepted /   345 generated), mean len =  2.93
slot print_timing: id  0 | task 5 |      acc per pos = (0.839, 0.506, 0.356, 0.230)
spec common_specu: statistics        draft-mtp: #calls(b,g,a) =    2     89     89, #gen drafts =     89, #acc drafts =    75, #gen tokens =    353, #acc tokens =   173, #mean acc len = 2.94, #acc rate/pos = (0.843, 0.506, 0.360, 0.236), dur(b,g,a) = 0.003, 2369.457, 0.085 ms
slot      release: id  0 | task 5 | stop processing: n_tokens = 291, truncated = 0
srv  update_slots: all slots are idle
[GIN] 2026/09/04 - 18:23:18 | 200 |  4.494892858s |       127.0.0.1 | POST     "/api/generate"
srv  server_strea: conv_id= (empty=1)
slot get_availabl: id  0 | task -1 |  - checking sim = 1.000 (36/36) > 0.100
slot get_availabl: id  0 | task -1 | selected slot by LCP similarity, f_sim_best = 1.000 (> 0.100 thold), f_keep = 0.124
srv  get_availabl: updating prompt cache
srv   prompt_save:  - saving prompt with length 291, total state size = 168.964 MiB (draft: 1.143 MiB)
srv          load:  - looking for better prompt, base f_keep = 0.124, f_sim = 1.000
srv          load:    - prompt with length      19, lcp =       3, f_keep = 0.158, f_sim = 0.083
srv          load:    - prompt with length     291, lcp =      36, f_keep = 0.124, f_sim = 1.000
srv        update:  - cache state: 2 prompts, 619.263 MiB (limits: 8192.000 MiB, 32768 tokens, 32768 est)
srv        update:    - prompt 0x3363b840:      19 tokens, checkpoints:  1,   300.547 MiB
srv        update:    - prompt 0x34f51b60:     291 tokens, checkpoints:  1,   318.716 MiB
srv  get_availabl: prompt cache update took 465.17 ms
slot launch_slot_: id  0 | task -1 | sampler chain: logits -> ?penalties -> ?dry -> ?top-n-sigma -> top-k -> ?typical -> top-p -> ?min-p -> ?xtc -> temp-ext -> dist 
slot launch_slot_: id  0 | task -1 | sampler params: 
	repeat_last_n = 64, repeat_penalty = 1.000, frequency_penalty = 0.000, presence_penalty = 0.000
	dry_multiplier = 0.000, dry_base = 1.750, dry_allowed_length = 2, dry_penalty_last_n = 64
	top_k = 20, top_p = 0.950, min_p = 0.000, xtc_probability = 0.000, xtc_threshold = 0.100, typical_p = 1.000, top_n_sigma = -1.000, temp = 0.000
	mirostat = 0, mirostat_lr = 0.100, mirostat_ent = 5.000, adaptive_target = -1.000, adaptive_decay = 0.900
slot launch_slot_: id  0 | task 95 | processing task, is_child = 0
slot   operator(): id  0 | task 95 | new prompt, n_ctx_slot = 32768, n_keep = 4, task.n_tokens = 36
slot   operator(): id  0 | task 95 | checking checkpoint with [31, 31] against 35...
slot   operator(): id  0 | task 95 | restored context checkpoint (pos_min = 31, pos_max = 31, n_tokens = 32, n_past = 32, size = 149.752 MiB)
slot   operator(): id  0 | task 95 | cached n_tokens = 32, memory_seq_rm [32, end)
slot init_sampler: id  0 | task 95 | init sampler, took 0.01 ms, tokens: text = 36, total = 36
slot create_check: id  0 | task 95 | created context checkpoint 2 of 32 (pos_min = 31, pos_max = 31, n_tokens = 32, size = 149.752 MiB)
slot print_timing: id  0 | task 95 | n_gen =    192, tg =  62.91 t/s, tg_3s =  63.24 t/s
slot print_timing: id  0 | task 95 | prompt eval time =     111.21 ms /     4 tokens (   27.80 ms per token,    35.97 tokens per second)
slot print_timing: id  0 | task 95 |        eval time =    4235.52 ms /   256 tokens (   16.61 ms per token,    60.21 tokens per second)
slot print_timing: id  0 | task 95 |       total time =    4346.73 ms /   260 tokens
slot print_timing: id  0 | task 95 |    graphs reused =        170
slot print_timing: id  0 | task 95 | draft acceptance = 0.48696 (  168 accepted /   345 generated), mean len =  2.93
slot print_timing: id  0 | task 95 |      acc per pos = (0.839, 0.506, 0.356, 0.230)
spec common_specu: statistics        draft-mtp: #calls(b,g,a) =    3    176    176, #gen drafts =    176, #acc drafts =   148, #gen tokens =    698, #acc tokens =   341, #mean acc len = 2.94, #acc rate/pos = (0.841, 0.506, 0.358, 0.233), dur(b,g,a) = 0.003, 4001.349, 0.179 ms
slot      release: id  0 | task 95 | stop processing: n_tokens = 291, truncated = 0
srv  update_slots: all slots are idle
[GIN] 2026/09/04 - 18:23:23 | 200 |  4.817855798s |       127.0.0.1 | POST     "/api/generate"
srv  server_strea: conv_id= (empty=1)
slot get_availabl: id  0 | task -1 |  - checking sim = 1.000 (36/36) > 0.100
slot get_availabl: id  0 | task -1 | selected slot by LCP similarity, f_sim_best = 1.000 (> 0.100 thold), f_keep = 0.124
srv  get_availabl: updating prompt cache
srv   prompt_save:  - saving prompt with length 291, total state size = 168.964 MiB (draft: 1.143 MiB)
srv         alloc:  - prompt is already in the cache, skipping
srv          load:  - looking for better prompt, base f_keep = 0.124, f_sim = 1.000
srv          load:    - prompt with length      19, lcp =       3, f_keep = 0.158, f_sim = 0.083
srv          load:    - prompt with length     291, lcp =      36, f_keep = 0.124, f_sim = 1.000
srv        update:  - cache state: 2 prompts, 619.263 MiB (limits: 8192.000 MiB, 32768 tokens, 32768 est)
srv        update:    - prompt 0x3363b840:      19 tokens, checkpoints:  1,   300.547 MiB
srv        update:    - prompt 0x34f51b60:     291 tokens, checkpoints:  1,   318.716 MiB
srv  get_availabl: prompt cache update took 0.09 ms
slot launch_slot_: id  0 | task -1 | sampler chain: logits -> ?penalties -> ?dry -> ?top-n-sigma -> top-k -> ?typical -> top-p -> ?min-p -> ?xtc -> temp-ext -> dist 
slot launch_slot_: id  0 | task -1 | sampler params: 
	repeat_last_n = 64, repeat_penalty = 1.000, frequency_penalty = 0.000, presence_penalty = 0.000
	dry_multiplier = 0.000, dry_base = 1.750, dry_allowed_length = 2, dry_penalty_last_n = 64
	top_k = 20, top_p = 0.950, min_p = 0.000, xtc_probability = 0.000, xtc_threshold = 0.100, typical_p = 1.000, top_n_sigma = -1.000, temp = 0.000
	mirostat = 0, mirostat_lr = 0.100, mirostat_ent = 5.000, adaptive_target = -1.000, adaptive_decay = 0.900
slot launch_slot_: id  0 | task 184 | processing task, is_child = 0
slot   operator(): id  0 | task 184 | new prompt, n_ctx_slot = 32768, n_keep = 4, task.n_tokens = 36
slot   operator(): id  0 | task 184 | checking checkpoint with [31, 31] against 35...
slot   operator(): id  0 | task 184 | restored context checkpoint (pos_min = 31, pos_max = 31, n_tokens = 32, n_past = 32, size = 149.752 MiB)
slot   operator(): id  0 | task 184 | cached n_tokens = 32, memory_seq_rm [32, end)
slot init_sampler: id  0 | task 184 | init sampler, took 0.01 ms, tokens: text = 36, total = 36
slot create_check: id  0 | task 184 | erasing context checkpoint too close to an earlier one (pos_min = 31, pos_max = 31, n_tokens = 32, size = 149.752 MiB)
slot create_check: id  0 | task 184 | created context checkpoint 2 of 32 (pos_min = 31, pos_max = 31, n_tokens = 32, size = 149.752 MiB)
slot print_timing: id  0 | task 184 | n_gen =    200, tg =  64.77 t/s, tg_3s =  65.09 t/s
slot print_timing: id  0 | task 184 | prompt eval time =     121.47 ms /     4 tokens (   30.37 ms per token,    32.93 tokens per second)
slot print_timing: id  0 | task 184 |        eval time =    3971.81 ms /   256 tokens (   15.58 ms per token,    64.20 tokens per second)
slot print_timing: id  0 | task 184 |       total time =    4093.29 ms /   260 tokens
slot print_timing: id  0 | task 184 |    graphs reused =        254
slot print_timing: id  0 | task 184 | draft acceptance = 0.48696 (  168 accepted /   345 generated), mean len =  2.93
slot print_timing: id  0 | task 184 |      acc per pos = (0.839, 0.506, 0.356, 0.230)
spec common_specu: statistics        draft-mtp: #calls(b,g,a) =    4    263    263, #gen drafts =    263, #acc drafts =   221, #gen tokens =   1043, #acc tokens =   509, #mean acc len = 2.94, #acc rate/pos = (0.840, 0.506, 0.357, 0.232), dur(b,g,a) = 0.004, 5343.056, 0.273 ms
slot      release: id  0 | task 184 | stop processing: n_tokens = 291, truncated = 0
srv  update_slots: all slots are idle
[GIN] 2026/09/04 - 18:23:27 | 200 |  4.099175968s |       127.0.0.1 | POST     "/api/generate"
srv  server_strea: conv_id= (empty=1)
slot get_availabl: id  0 | task -1 |  - checking sim = 0.172 (5/29) > 0.100
slot get_availabl: id  0 | task -1 | selected slot by LCP similarity, f_sim_best = 0.172 (> 0.100 thold), f_keep = 0.017
srv  get_availabl: updating prompt cache
srv   prompt_save:  - saving prompt with length 291, total state size = 168.964 MiB (draft: 1.143 MiB)
srv         alloc:  - prompt is already in the cache, skipping
srv          load:  - looking for better prompt, base f_keep = 0.017, f_sim = 0.172
srv          load:    - prompt with length      19, lcp =       3, f_keep = 0.158, f_sim = 0.103
srv          load:    - prompt with length     291, lcp =       5, f_keep = 0.017, f_sim = 0.172
srv        update:  - cache state: 2 prompts, 619.263 MiB (limits: 8192.000 MiB, 32768 tokens, 32768 est)
srv        update:    - prompt 0x3363b840:      19 tokens, checkpoints:  1,   300.547 MiB
srv        update:    - prompt 0x34f51b60:     291 tokens, checkpoints:  1,   318.716 MiB
srv  get_availabl: prompt cache update took 0.09 ms
slot launch_slot_: id  0 | task -1 | sampler chain: logits -> ?penalties -> ?dry -> ?top-n-sigma -> top-k -> ?typical -> top-p -> ?min-p -> ?xtc -> temp-ext -> dist 
slot launch_slot_: id  0 | task -1 | sampler params: 
	repeat_last_n = 64, repeat_penalty = 1.000, frequency_penalty = 0.000, presence_penalty = 0.000
	dry_multiplier = 0.000, dry_base = 1.750, dry_allowed_length = 2, dry_penalty_last_n = 64
	top_k = 20, top_p = 0.950, min_p = 0.000, xtc_probability = 0.000, xtc_threshold = 0.100, typical_p = 1.000, top_n_sigma = -1.000, temp = 0.000
	mirostat = 0, mirostat_lr = 0.100, mirostat_ent = 5.000, adaptive_target = -1.000, adaptive_decay = 0.900
slot launch_slot_: id  0 | task 273 | processing task, is_child = 0
slot   operator(): id  0 | task 273 | new prompt, n_ctx_slot = 32768, n_keep = 4, task.n_tokens = 29
slot   operator(): id  0 | task 273 | checking checkpoint with [31, 31] against 5...
slot   operator(): id  0 | task 273 | checking checkpoint with [31, 31] against 5...
slot   operator(): id  0 | task 273 | forcing full prompt re-processing due to lack of cache data (likely due to SWA or hybrid/recurrent memory, see https://github.com/ggml-org/llama.cpp/pull/13194#issuecomment-2868343055)
slot   operator(): id  0 | task 273 | erased invalidated context checkpoint (pos_min = 31, pos_max = 31, n_tokens = 32, n_swa = 0, pos_next = 0, size = 149.752 MiB)
slot   operator(): id  0 | task 273 | erased invalidated context checkpoint (pos_min = 31, pos_max = 31, n_tokens = 32, n_swa = 0, pos_next = 0, size = 149.752 MiB)
slot   operator(): id  0 | task 273 | cached n_tokens = 0, memory_seq_rm [0, end)
slot   operator(): id  0 | task 273 | cached n_tokens = 25, memory_seq_rm [25, end)
slot init_sampler: id  0 | task 273 | init sampler, took 0.01 ms, tokens: text = 29, total = 29
slot create_check: id  0 | task 273 | created context checkpoint 1 of 32 (pos_min = 24, pos_max = 24, n_tokens = 25, size = 149.724 MiB)
slot print_timing: id  0 | task 273 | n_gen =    220, tg =  72.78 t/s, tg_3s =  73.12 t/s
slot print_timing: id  0 | task 273 | prompt eval time =     406.05 ms /    29 tokens (   14.00 ms per token,    71.42 tokens per second)
slot print_timing: id  0 | task 273 |        eval time =    3788.75 ms /   256 tokens (   14.86 ms per token,    67.30 tokens per second)
slot print_timing: id  0 | task 273 |       total time =    4194.80 ms /   285 tokens
slot print_timing: id  0 | task 273 |    graphs reused =        335
slot print_timing: id  0 | task 273 | draft acceptance = 0.51198 (  171 accepted /   334 generated), mean len =  3.04
slot print_timing: id  0 | task 273 |      acc per pos = (0.833, 0.548, 0.405, 0.250)
spec common_specu: statistics        draft-mtp: #calls(b,g,a) =    5    347    347, #gen drafts =    347, #acc drafts =   291, #gen tokens =   1377, #acc tokens =   680, #mean acc len = 2.96, #acc rate/pos = (0.839, 0.516, 0.369, 0.236), dur(b,g,a) = 0.005, 6770.297, 0.397 ms
slot      release: id  0 | task 273 | stop processing: n_tokens = 284, truncated = 0
srv  update_slots: all slots are idle
[GIN] 2026/09/04 - 18:23:31 | 200 |  4.201422007s |       127.0.0.1 | POST     "/api/generate"
srv  server_strea: conv_id= (empty=1)
slot get_availabl: id  0 | task -1 |  - checking sim = 1.000 (29/29) > 0.100
slot get_availabl: id  0 | task -1 | selected slot by LCP similarity, f_sim_best = 1.000 (> 0.100 thold), f_keep = 0.102
srv  get_availabl: updating prompt cache
srv   prompt_save:  - saving prompt with length 284, total state size = 168.499 MiB (draft: 1.116 MiB)
srv          load:  - looking for better prompt, base f_keep = 0.102, f_sim = 1.000
srv          load:    - prompt with length      19, lcp =       3, f_keep = 0.158, f_sim = 0.103
srv          load:    - prompt with length     291, lcp =       5, f_keep = 0.017, f_sim = 0.172
srv          load:    - prompt with length     284, lcp =      29, f_keep = 0.102, f_sim = 1.000
srv        update:  - cache state: 3 prompts, 937.486 MiB (limits: 8192.000 MiB, 32768 tokens, 32768 est)
srv        update:    - prompt 0x3363b840:      19 tokens, checkpoints:  1,   300.547 MiB
srv        update:    - prompt 0x34f51b60:     291 tokens, checkpoints:  1,   318.716 MiB
srv        update:    - prompt 0x3b78ded0:     284 tokens, checkpoints:  1,   318.223 MiB
srv  get_availabl: prompt cache update took 159.81 ms
slot launch_slot_: id  0 | task -1 | sampler chain: logits -> ?penalties -> ?dry -> ?top-n-sigma -> top-k -> ?typical -> top-p -> ?min-p -> ?xtc -> temp-ext -> dist 
slot launch_slot_: id  0 | task -1 | sampler params: 
	repeat_last_n = 64, repeat_penalty = 1.000, frequency_penalty = 0.000, presence_penalty = 0.000
	dry_multiplier = 0.000, dry_base = 1.750, dry_allowed_length = 2, dry_penalty_last_n = 64
	top_k = 20, top_p = 0.950, min_p = 0.000, xtc_probability = 0.000, xtc_threshold = 0.100, typical_p = 1.000, top_n_sigma = -1.000, temp = 0.000
	mirostat = 0, mirostat_lr = 0.100, mirostat_ent = 5.000, adaptive_target = -1.000, adaptive_decay = 0.900
slot launch_slot_: id  0 | task 360 | processing task, is_child = 0
slot   operator(): id  0 | task 360 | new prompt, n_ctx_slot = 32768, n_keep = 4, task.n_tokens = 29
slot   operator(): id  0 | task 360 | checking checkpoint with [24, 24] against 28...
slot   operator(): id  0 | task 360 | restored context checkpoint (pos_min = 24, pos_max = 24, n_tokens = 25, n_past = 25, size = 149.724 MiB)
slot   operator(): id  0 | task 360 | cached n_tokens = 25, memory_seq_rm [25, end)
slot init_sampler: id  0 | task 360 | init sampler, took 0.00 ms, tokens: text = 29, total = 29
slot create_check: id  0 | task 360 | created context checkpoint 2 of 32 (pos_min = 24, pos_max = 24, n_tokens = 25, size = 149.724 MiB)
slot print_timing: id  0 | task 360 | n_gen =    222, tg =  73.04 t/s, tg_3s =  73.37 t/s
slot print_timing: id  0 | task 360 | prompt eval time =     109.87 ms /     4 tokens (   27.47 ms per token,    36.41 tokens per second)
slot print_timing: id  0 | task 360 |        eval time =    3745.62 ms /   256 tokens (   14.69 ms per token,    68.08 tokens per second)
slot print_timing: id  0 | task 360 |       total time =    3855.49 ms /   260 tokens
slot print_timing: id  0 | task 360 |    graphs reused =        414
slot print_timing: id  0 | task 360 | draft acceptance = 0.53067 (  173 accepted /   326 generated), mean len =  3.11
slot print_timing: id  0 | task 360 |      acc per pos = (0.841, 0.561, 0.427, 0.280)
spec common_specu: statistics        draft-mtp: #calls(b,g,a) =    6    429    429, #gen drafts =    429, #acc drafts =   360, #gen tokens =   1703, #acc tokens =   853, #mean acc len = 2.99, #acc rate/pos = (0.839, 0.524, 0.380, 0.245), dur(b,g,a) = 0.006, 8146.385, 0.494 ms
slot      release: id  0 | task 360 | stop processing: n_tokens = 284, truncated = 0
srv  update_slots: all slots are idle
[GIN] 2026/09/04 - 18:23:35 | 200 |  4.074199426s |       127.0.0.1 | POST     "/api/generate"
srv  server_strea: conv_id= (empty=1)
slot get_availabl: id  0 | task -1 |  - checking sim = 1.000 (29/29) > 0.100
slot get_availabl: id  0 | task -1 | selected slot by LCP similarity, f_sim_best = 1.000 (> 0.100 thold), f_keep = 0.102
srv  get_availabl: updating prompt cache
srv   prompt_save:  - saving prompt with length 284, total state size = 168.499 MiB (draft: 1.116 MiB)
srv         alloc:  - prompt is already in the cache, skipping
srv          load:  - looking for better prompt, base f_keep = 0.102, f_sim = 1.000
srv          load:    - prompt with length      19, lcp =       3, f_keep = 0.158, f_sim = 0.103
srv          load:    - prompt with length     291, lcp =       5, f_keep = 0.017, f_sim = 0.172
srv          load:    - prompt with length     284, lcp =      29, f_keep = 0.102, f_sim = 1.000
srv        update:  - cache state: 3 prompts, 937.486 MiB (limits: 8192.000 MiB, 32768 tokens, 32768 est)
srv        update:    - prompt 0x3363b840:      19 tokens, checkpoints:  1,   300.547 MiB
srv        update:    - prompt 0x34f51b60:     291 tokens, checkpoints:  1,   318.716 MiB
srv        update:    - prompt 0x3b78ded0:     284 tokens, checkpoints:  1,   318.223 MiB
srv  get_availabl: prompt cache update took 0.13 ms
slot launch_slot_: id  0 | task -1 | sampler chain: logits -> ?penalties -> ?dry -> ?top-n-sigma -> top-k -> ?typical -> top-p -> ?min-p -> ?xtc -> temp-ext -> dist 
slot launch_slot_: id  0 | task -1 | sampler params: 
	repeat_last_n = 64, repeat_penalty = 1.000, frequency_penalty = 0.000, presence_penalty = 0.000
	dry_multiplier = 0.000, dry_base = 1.750, dry_allowed_length = 2, dry_penalty_last_n = 64
	top_k = 20, top_p = 0.950, min_p = 0.000, xtc_probability = 0.000, xtc_threshold = 0.100, typical_p = 1.000, top_n_sigma = -1.000, temp = 0.000
	mirostat = 0, mirostat_lr = 0.100, mirostat_ent = 5.000, adaptive_target = -1.000, adaptive_decay = 0.900
slot launch_slot_: id  0 | task 444 | processing task, is_child = 0
slot   operator(): id  0 | task 444 | new prompt, n_ctx_slot = 32768, n_keep = 4, task.n_tokens = 29
slot   operator(): id  0 | task 444 | checking checkpoint with [24, 24] against 28...
slot   operator(): id  0 | task 444 | restored context checkpoint (pos_min = 24, pos_max = 24, n_tokens = 25, n_past = 25, size = 149.724 MiB)
slot   operator(): id  0 | task 444 | cached n_tokens = 25, memory_seq_rm [25, end)
slot init_sampler: id  0 | task 444 | init sampler, took 0.01 ms, tokens: text = 29, total = 29
slot create_check: id  0 | task 444 | erasing context checkpoint too close to an earlier one (pos_min = 24, pos_max = 24, n_tokens = 25, size = 149.724 MiB)
slot create_check: id  0 | task 444 | created context checkpoint 2 of 32 (pos_min = 24, pos_max = 24, n_tokens = 25, size = 149.724 MiB)
slot print_timing: id  0 | task 444 | n_gen =    218, tg =  71.85 t/s, tg_3s =  72.18 t/s
slot print_timing: id  0 | task 444 | prompt eval time =     497.16 ms /     4 tokens (  124.29 ms per token,     8.05 tokens per second)
slot print_timing: id  0 | task 444 |        eval time =    3803.98 ms /   256 tokens (   14.92 ms per token,    67.04 tokens per second)
slot print_timing: id  0 | task 444 |       total time =    4301.14 ms /   260 tokens
slot print_timing: id  0 | task 444 |    graphs reused =        493
slot print_timing: id  0 | task 444 | draft acceptance = 0.53067 (  173 accepted /   326 generated), mean len =  3.11
slot print_timing: id  0 | task 444 |      acc per pos = (0.841, 0.561, 0.427, 0.280)
spec common_specu: statistics        draft-mtp: #calls(b,g,a) =    7    511    511, #gen drafts =    511, #acc drafts =   429, #gen tokens =   2029, #acc tokens =  1026, #mean acc len = 3.01, #acc rate/pos = (0.840, 0.530, 0.387, 0.250), dur(b,g,a) = 0.007, 9795.057, 0.592 ms
slot      release: id  0 | task 444 | stop processing: n_tokens = 284, truncated = 0
srv  update_slots: all slots are idle
[GIN] 2026/09/04 - 18:23:40 | 200 |  4.309348218s |       127.0.0.1 | POST     "/api/generate"
srv  server_strea: conv_id= (empty=1)
slot get_availabl: id  0 | task -1 |  - checking sim = 0.051 (3/59) > 0.100
slot get_availabl: id  0 | task -1 | selected slot by LRU, t_last = 772656621409
srv  get_availabl: updating prompt cache
srv   prompt_save:  - saving prompt with length 284, total state size = 168.499 MiB (draft: 1.116 MiB)
srv         alloc:  - prompt is already in the cache, skipping
srv          load:  - looking for better prompt, base f_keep = 0.011, f_sim = 0.051
srv          load:    - prompt with length      19, lcp =       3, f_keep = 0.158, f_sim = 0.051
srv          load:    - prompt with length     291, lcp =       3, f_keep = 0.010, f_sim = 0.051
srv          load:    - prompt with length     284, lcp =       3, f_keep = 0.011, f_sim = 0.051
srv        update:  - cache state: 3 prompts, 937.486 MiB (limits: 8192.000 MiB, 32768 tokens, 32768 est)
srv        update:    - prompt 0x3363b840:      19 tokens, checkpoints:  1,   300.547 MiB
srv        update:    - prompt 0x34f51b60:     291 tokens, checkpoints:  1,   318.716 MiB
srv        update:    - prompt 0x3b78ded0:     284 tokens, checkpoints:  1,   318.223 MiB
srv  get_availabl: prompt cache update took 0.12 ms
slot launch_slot_: id  0 | task -1 | sampler chain: logits -> ?penalties -> ?dry -> ?top-n-sigma -> top-k -> ?typical -> top-p -> ?min-p -> ?xtc -> temp-ext -> dist 
slot launch_slot_: id  0 | task -1 | sampler params: 
	repeat_last_n = 64, repeat_penalty = 1.000, frequency_penalty = 0.000, presence_penalty = 0.000
	dry_multiplier = 0.000, dry_base = 1.750, dry_allowed_length = 2, dry_penalty_last_n = 64
	top_k = 20, top_p = 0.950, min_p = 0.000, xtc_probability = 0.000, xtc_threshold = 0.100, typical_p = 1.000, top_n_sigma = -1.000, temp = 0.000
	mirostat = 0, mirostat_lr = 0.100, mirostat_ent = 5.000, adaptive_target = -1.000, adaptive_decay = 0.900
slot launch_slot_: id  0 | task 528 | processing task, is_child = 0
slot   operator(): id  0 | task 528 | new prompt, n_ctx_slot = 32768, n_keep = 4, task.n_tokens = 59
slot   operator(): id  0 | task 528 | checking checkpoint with [24, 24] against 3...
slot   operator(): id  0 | task 528 | checking checkpoint with [24, 24] against 3...
slot   operator(): id  0 | task 528 | forcing full prompt re-processing due to lack of cache data (likely due to SWA or hybrid/recurrent memory, see https://github.com/ggml-org/llama.cpp/pull/13194#issuecomment-2868343055)
slot   operator(): id  0 | task 528 | erased invalidated context checkpoint (pos_min = 24, pos_max = 24, n_tokens = 25, n_swa = 0, pos_next = 0, size = 149.724 MiB)
slot   operator(): id  0 | task 528 | erased invalidated context checkpoint (pos_min = 24, pos_max = 24, n_tokens = 25, n_swa = 0, pos_next = 0, size = 149.724 MiB)
slot   operator(): id  0 | task 528 | cached n_tokens = 0, memory_seq_rm [0, end)
slot   operator(): id  0 | task 528 | cached n_tokens = 55, memory_seq_rm [55, end)
slot init_sampler: id  0 | task 528 | init sampler, took 0.01 ms, tokens: text = 59, total = 59
slot create_check: id  0 | task 528 | created context checkpoint 1 of 32 (pos_min = 54, pos_max = 54, n_tokens = 55, size = 149.842 MiB)
slot print_timing: id  0 | task 528 | n_gen =    251, tg =  81.33 t/s, tg_3s =  81.65 t/s
slot print_timing: id  0 | task 528 | prompt eval time =     233.31 ms /    59 tokens (    3.95 ms per token,   252.88 tokens per second)
slot print_timing: id  0 | task 528 |        eval time =    3176.43 ms /   256 tokens (   12.46 ms per token,    80.28 tokens per second)
slot print_timing: id  0 | task 528 |       total time =    3409.74 ms /   315 tokens
slot print_timing: id  0 | task 528 |    graphs reused =        557
slot print_timing: id  0 | task 528 | draft acceptance = 0.70677 (  188 accepted /   266 generated), mean len =  3.81
slot print_timing: id  0 | task 528 |      acc per pos = (0.940, 0.761, 0.597, 0.507)
spec common_specu: statistics        draft-mtp: #calls(b,g,a) =    8    578    578, #gen drafts =    578, #acc drafts =   492, #gen tokens =   2295, #acc tokens =  1214, #mean acc len = 3.10, #acc rate/pos = (0.851, 0.557, 0.412, 0.280), dur(b,g,a) = 0.008, 10728.888, 0.680 ms
slot      release: id  0 | task 528 | stop processing: n_tokens = 314, truncated = 0
srv  update_slots: all slots are idle
[GIN] 2026/09/04 - 18:23:43 | 200 |  3.417533269s |       127.0.0.1 | POST     "/api/generate"
srv  server_strea: conv_id= (empty=1)
slot get_availabl: id  0 | task -1 |  - checking sim = 1.000 (59/59) > 0.100
slot get_availabl: id  0 | task -1 | selected slot by LCP similarity, f_sim_best = 1.000 (> 0.100 thold), f_keep = 0.188
srv  get_availabl: updating prompt cache
srv   prompt_save:  - saving prompt with length 314, total state size = 170.492 MiB (draft: 1.234 MiB)
srv          load:  - looking for better prompt, base f_keep = 0.188, f_sim = 1.000
srv          load:    - prompt with length      19, lcp =       3, f_keep = 0.158, f_sim = 0.051
srv          load:    - prompt with length     291, lcp =       3, f_keep = 0.010, f_sim = 0.051
srv          load:    - prompt with length     284, lcp =       3, f_keep = 0.011, f_sim = 0.051
srv          load:    - prompt with length     314, lcp =      59, f_keep = 0.188, f_sim = 1.000
srv        update:  - cache state: 4 prompts, 1257.821 MiB (limits: 8192.000 MiB, 32768 tokens, 32768 est)
srv        update:    - prompt 0x3363b840:      19 tokens, checkpoints:  1,   300.547 MiB
srv        update:    - prompt 0x34f51b60:     291 tokens, checkpoints:  1,   318.716 MiB
srv        update:    - prompt 0x3b78ded0:     284 tokens, checkpoints:  1,   318.223 MiB
srv        update:    - prompt 0x395521a0:     314 tokens, checkpoints:  1,   320.335 MiB
srv  get_availabl: prompt cache update took 165.03 ms
slot launch_slot_: id  0 | task -1 | sampler chain: logits -> ?penalties -> ?dry -> ?top-n-sigma -> top-k -> ?typical -> top-p -> ?min-p -> ?xtc -> temp-ext -> dist 
slot launch_slot_: id  0 | task -1 | sampler params: 
	repeat_last_n = 64, repeat_penalty = 1.000, frequency_penalty = 0.000, presence_penalty = 0.000
	dry_multiplier = 0.000, dry_base = 1.750, dry_allowed_length = 2, dry_penalty_last_n = 64
	top_k = 20, top_p = 0.950, min_p = 0.000, xtc_probability = 0.000, xtc_threshold = 0.100, typical_p = 1.000, top_n_sigma = -1.000, temp = 0.000
	mirostat = 0, mirostat_lr = 0.100, mirostat_ent = 5.000, adaptive_target = -1.000, adaptive_decay = 0.900
slot launch_slot_: id  0 | task 598 | processing task, is_child = 0
slot   operator(): id  0 | task 598 | new prompt, n_ctx_slot = 32768, n_keep = 4, task.n_tokens = 59
slot   operator(): id  0 | task 598 | checking checkpoint with [54, 54] against 58...
slot   operator(): id  0 | task 598 | restored context checkpoint (pos_min = 54, pos_max = 54, n_tokens = 55, n_past = 55, size = 149.842 MiB)
slot   operator(): id  0 | task 598 | cached n_tokens = 55, memory_seq_rm [55, end)
slot init_sampler: id  0 | task 598 | init sampler, took 0.01 ms, tokens: text = 59, total = 59
slot create_check: id  0 | task 598 | created context checkpoint 2 of 32 (pos_min = 54, pos_max = 54, n_tokens = 55, size = 149.842 MiB)
slot print_timing: id  0 | task 598 | n_gen =    243, tg =  80.19 t/s, tg_3s =  80.52 t/s
slot print_timing: id  0 | task 598 | prompt eval time =     109.08 ms /     4 tokens (   27.27 ms per token,    36.67 tokens per second)
slot print_timing: id  0 | task 598 |        eval time =    3219.67 ms /   256 tokens (   12.63 ms per token,    79.20 tokens per second)
slot print_timing: id  0 | task 598 |       total time =    3328.75 ms /   260 tokens
slot print_timing: id  0 | task 598 |    graphs reused =        621
slot print_timing: id  0 | task 598 | draft acceptance = 0.70677 (  188 accepted /   266 generated), mean len =  3.81
slot print_timing: id  0 | task 598 |      acc per pos = (0.940, 0.761, 0.597, 0.507)
spec common_specu: statistics        draft-mtp: #calls(b,g,a) =    9    645    645, #gen drafts =    645, #acc drafts =   555, #gen tokens =   2561, #acc tokens =  1402, #mean acc len = 3.17, #acc rate/pos = (0.860, 0.578, 0.431, 0.304), dur(b,g,a) = 0.008, 11548.734, 0.784 ms
slot      release: id  0 | task 598 | stop processing: n_tokens = 314, truncated = 0
srv  update_slots: all slots are idle
[GIN] 2026/09/04 - 18:23:47 | 200 |   3.49790551s |       127.0.0.1 | POST     "/api/generate"
srv  server_strea: conv_id= (empty=1)
slot get_availabl: id  0 | task -1 |  - checking sim = 1.000 (59/59) > 0.100
slot get_availabl: id  0 | task -1 | selected slot by LCP similarity, f_sim_best = 1.000 (> 0.100 thold), f_keep = 0.188
srv  get_availabl: updating prompt cache
srv   prompt_save:  - saving prompt with length 314, total state size = 170.492 MiB (draft: 1.234 MiB)
srv         alloc:  - prompt is already in the cache, skipping
srv          load:  - looking for better prompt, base f_keep = 0.188, f_sim = 1.000
srv          load:    - prompt with length      19, lcp =       3, f_keep = 0.158, f_sim = 0.051
srv          load:    - prompt with length     291, lcp =       3, f_keep = 0.010, f_sim = 0.051
srv          load:    - prompt with length     284, lcp =       3, f_keep = 0.011, f_sim = 0.051
srv          load:    - prompt with length     314, lcp =      59, f_keep = 0.188, f_sim = 1.000
srv        update:  - cache state: 4 prompts, 1257.821 MiB (limits: 8192.000 MiB, 32768 tokens, 32768 est)
srv        update:    - prompt 0x3363b840:      19 tokens, checkpoints:  1,   300.547 MiB
srv        update:    - prompt 0x34f51b60:     291 tokens, checkpoints:  1,   318.716 MiB
srv        update:    - prompt 0x3b78ded0:     284 tokens, checkpoints:  1,   318.223 MiB
srv        update:    - prompt 0x395521a0:     314 tokens, checkpoints:  1,   320.335 MiB
srv  get_availabl: prompt cache update took 0.09 ms
slot launch_slot_: id  0 | task -1 | sampler chain: logits -> ?penalties -> ?dry -> ?top-n-sigma -> top-k -> ?typical -> top-p -> ?min-p -> ?xtc -> temp-ext -> dist 
slot launch_slot_: id  0 | task -1 | sampler params: 
	repeat_last_n = 64, repeat_penalty = 1.000, frequency_penalty = 0.000, presence_penalty = 0.000
	dry_multiplier = 0.000, dry_base = 1.750, dry_allowed_length = 2, dry_penalty_last_n = 64
	top_k = 20, top_p = 0.950, min_p = 0.000, xtc_probability = 0.000, xtc_threshold = 0.100, typical_p = 1.000, top_n_sigma = -1.000, temp = 0.000
	mirostat = 0, mirostat_lr = 0.100, mirostat_ent = 5.000, adaptive_target = -1.000, adaptive_decay = 0.900
slot launch_slot_: id  0 | task 667 | processing task, is_child = 0
slot   operator(): id  0 | task 667 | new prompt, n_ctx_slot = 32768, n_keep = 4, task.n_tokens = 59
slot   operator(): id  0 | task 667 | checking checkpoint with [54, 54] against 58...
slot   operator(): id  0 | task 667 | restored context checkpoint (pos_min = 54, pos_max = 54, n_tokens = 55, n_past = 55, size = 149.842 MiB)
slot   operator(): id  0 | task 667 | cached n_tokens = 55, memory_seq_rm [55, end)
slot init_sampler: id  0 | task 667 | init sampler, took 0.01 ms, tokens: text = 59, total = 59
slot create_check: id  0 | task 667 | erasing context checkpoint too close to an earlier one (pos_min = 54, pos_max = 54, n_tokens = 55, size = 149.842 MiB)
slot create_check: id  0 | task 667 | created context checkpoint 2 of 32 (pos_min = 54, pos_max = 54, n_tokens = 55, size = 149.842 MiB)
slot print_timing: id  0 | task 667 | n_gen =    248, tg =  82.27 t/s, tg_3s =  82.60 t/s
slot print_timing: id  0 | task 667 | prompt eval time =     168.79 ms /     4 tokens (   42.20 ms per token,    23.70 tokens per second)
slot print_timing: id  0 | task 667 |        eval time =    3122.17 ms /   256 tokens (   12.24 ms per token,    81.67 tokens per second)
slot print_timing: id  0 | task 667 |       total time =    3290.96 ms /   260 tokens
slot print_timing: id  0 | task 667 |    graphs reused =        685
slot print_timing: id  0 | task 667 | draft acceptance = 0.70677 (  188 accepted /   266 generated), mean len =  3.81
slot print_timing: id  0 | task 667 |      acc per pos = (0.940, 0.761, 0.597, 0.507)
spec common_specu: statistics        draft-mtp: #calls(b,g,a) =   10    712    712, #gen drafts =    712, #acc drafts =   618, #gen tokens =   2827, #acc tokens =  1590, #mean acc len = 3.23, #acc rate/pos = (0.868, 0.596, 0.447, 0.323), dur(b,g,a) = 0.008, 12635.302, 0.892 ms
slot      release: id  0 | task 667 | stop processing: n_tokens = 314, truncated = 0
srv  update_slots: all slots are idle
[GIN] 2026/09/04 - 18:23:50 | 200 |  3.294877679s |       127.0.0.1 | POST     "/api/generate"
